FixID,DateTime,Latitude ,Longitude ,Altitude 
13,02/12/2014 13:23:49,38.5600436,-111.9422461,2919.223
14,02/12/2014 16:01:36,38.5599953,-111.9422844,2921.605
15,02/12/2014 20:01:53,38.5601806,-111.9417464,2919.387
16,02/13/2014 00:02:29,38.5574389,-111.9406169,2743.609
17,02/13/2014 04:01:26,38.5586278,-111.9345742,2632.688
20,02/13/2014 16:01:20,38.5664828,-111.9404333,2880.418
21,02/13/2014 20:01:36,38.5700422,-111.9279864,2711.559
22,02/14/2014 00:01:48,38.5736503,-111.9279069,2734.938
23,02/14/2014 04:01:23,38.5737222,-111.92788,2740.395
24,02/14/2014 08:01:04,38.5736,-111.9275869,2742.785
25,02/14/2014 12:01:04,38.5753875,-111.9286978,2813.922
26,02/14/2014 16:02:17,38.5737819,-111.9276617,2802.77
28,02/15/2014 00:01:19,38.5736514,-111.9281583,2741.418
29,02/15/2014 04:01:21,38.5737294,-111.9276964,2751.691
30,02/15/2014 08:01:42,38.5752019,-111.92829,2785.434
32,02/15/2014 16:01:20,38.5739292,-111.9282858,2717.441
33,02/15/2014 20:01:22,38.5737208,-111.9278978,2728.461
34,02/16/2014 00:01:17,38.5735539,-111.9274472,2736.625
35,02/16/2014 04:01:21,38.5736056,-111.92809,2750.555
38,02/16/2014 16:01:55,38.5739561,-111.9279917,2774.91
39,02/16/2014 20:00:59,38.5738836,-111.9276606,2748.645
43,02/17/2014 12:01:19,38.5739439,-111.9276397,2736.953
44,02/17/2014 16:01:20,38.5737883,-111.9277444,2748.68
45,02/17/2014 20:00:59,38.5738756,-111.9276725,2750.789
46,02/18/2014 00:01:15,38.57387,-111.9276111,2750.203
50,02/18/2014 16:01:19,38.5902669,-111.9317844,2911.25
51,02/18/2014 20:01:08,38.59142,-111.9302861,2798.336
53,02/19/2014 04:01:22,38.5931978,-111.9311381,2882.965
54,02/19/2014 08:01:21,38.5992278,-111.92659,2847.965
56,02/19/2014 16:01:20,38.6030011,-111.912565,2753.84
57,02/19/2014 20:01:01,38.6140681,-111.8841353,2390.344
58,02/20/2014 00:01:19,38.6090464,-111.8725067,2403.344
59,02/20/2014 04:02:04,38.6070408,-111.8754003,2438.641
61,02/20/2014 12:00:58,38.6019086,-111.90608,2540.957
65,02/21/2014 04:01:18,38.6147258,-111.9108447,2582.699
66,02/21/2014 08:01:40,38.6230436,-111.9183242,2817.754
69,02/21/2014 20:00:57,38.6147119,-111.9108569,2587.02
70,02/22/2014 00:01:12,38.60799,-111.8744964,2431.633
71,02/22/2014 04:01:19,38.6241222,-111.9175814,2760.074
72,02/22/2014 08:00:57,38.6240358,-111.9189308,2862.426
74,02/22/2014 16:01:21,38.6240517,-111.9188417,2870.18
75,02/22/2014 20:02:26,38.6183883,-111.9033081,2490.957
76,02/23/2014 00:01:08,38.6088342,-111.8776656,2395.633
77,02/23/2014 04:00:53,38.609215,-111.8777783,2391.223
80,02/23/2014 16:01:20,38.6222453,-111.9176425,2797.965
82,02/24/2014 00:01:20,38.6086042,-111.8777086,2398.398
83,02/24/2014 04:01:20,38.6086272,-111.8777408,2379.008
85,02/24/2014 12:01:48,38.6222056,-111.9176561,2818.422
86,02/24/2014 16:01:08,38.6222194,-111.9176714,2810.734
88,02/25/2014 00:01:42,38.6221961,-111.9175881,2799.266
89,02/25/2014 04:02:19,38.6223019,-111.9173506,2866.133
90,02/25/2014 08:01:53,38.6230289,-111.9182714,2832.316
92,02/25/2014 16:01:19,38.6229742,-111.9181364,2855.527
93,02/25/2014 20:01:21,38.6193722,-111.9026356,2465.559
94,02/26/2014 00:01:20,38.6203697,-111.9024989,2457.301
95,02/26/2014 04:01:15,38.6203494,-111.9025294,2467.359
96,02/26/2014 08:01:14,38.6233703,-111.9180228,2820.527
98,02/26/2014 16:01:07,38.6233769,-111.9180892,2819.379
99,02/26/2014 20:01:36,38.6200417,-111.9024481,2459.934
101,02/27/2014 04:01:20,38.6205786,-111.9025053,2467.746
105,02/27/2014 20:01:01,38.6203556,-111.9023314,2463.91
106,02/28/2014 00:00:59,38.6203267,-111.9023364,2463.195
107,02/28/2014 04:01:20,38.6203186,-111.9023419,2452.656
109,02/28/2014 12:00:57,38.6230892,-111.9179131,2806.586
110,02/28/2014 16:01:22,38.6230669,-111.9177797,2806.965
111,02/28/2014 20:01:00,38.6202731,-111.9022964,2448.902
112,03/01/2014 00:01:42,38.6204981,-111.9022156,2417.039
117,03/01/2014 20:01:43,38.6231011,-111.91755,2813.633
118,03/02/2014 00:01:22,38.6230753,-111.9176442,2817.82
121,03/02/2014 12:01:18,38.6239267,-111.9194731,2906.668
124,03/03/2014 00:01:19,38.6172761,-111.9140239,2683.277
127,03/03/2014 12:01:20,38.6106961,-111.9295053,2837.172
128,03/03/2014 16:01:05,38.6108944,-111.9294783,2840.445
129,03/03/2014 20:01:02,38.6060817,-111.9223803,2785.578
130,03/04/2014 00:00:49,38.5915031,-111.9074197,2481.012
133,03/04/2014 12:01:21,38.5676358,-111.9399439,2968.824
134,03/04/2014 16:01:14,38.5677936,-111.9398686,2944.582
135,03/04/2014 20:00:55,38.5576053,-111.9236528,2513.199
136,03/05/2014 00:01:47,38.5364286,-111.9375681,2445.977
137,03/05/2014 04:01:21,38.5294603,-111.9424889,2581.039
138,03/05/2014 08:01:04,38.5319567,-111.9423658,2598.406
139,03/05/2014 12:01:10,38.5321614,-111.9553156,2704.008
140,03/05/2014 16:01:18,38.53245,-111.9427592,2612.551
141,03/05/2014 20:00:52,38.5318672,-111.9420117,2594.57
142,03/06/2014 00:02:06,38.5318422,-111.9416767,2576.828
144,03/06/2014 08:01:21,38.5329169,-111.9554136,2673.398
145,03/06/2014 12:01:19,38.5329033,-111.9554628,2707.563
148,03/07/2014 00:01:19,38.5305361,-111.9406206,2514.395
153,03/07/2014 20:01:48,38.5318461,-111.9421347,2588.262
154,03/08/2014 00:01:41,38.5346303,-111.9428297,2609.383
157,03/08/2014 12:01:18,38.5383967,-111.9554164,2703.633
159,03/08/2014 20:01:49,38.532935,-111.9456939,2646.625
160,03/09/2014 00:01:18,38.5324969,-111.9425242,2596.879
161,03/09/2014 04:01:14,38.5349961,-111.9431775,2631.793
164,03/09/2014 16:01:20,38.5374767,-111.9523444,2670.172
165,03/09/2014 20:01:37,38.5318086,-111.9421667,2589.039
166,03/10/2014 00:01:43,38.5364064,-111.9408778,2548.855
167,03/10/2014 04:01:01,38.5364042,-111.9408281,2557.172
168,03/10/2014 08:01:59,38.5332064,-111.9557992,2695.41
169,03/10/2014 12:01:19,38.5383639,-111.9553886,2708.027
170,03/10/2014 16:01:20,38.5383117,-111.9554672,2702.984
171,03/10/2014 20:01:20,38.5323008,-111.9425175,2601.234
172,03/11/2014 00:01:22,38.5319197,-111.942215,2572.281
173,03/11/2014 04:01:16,38.5402367,-111.9395428,2479
174,03/11/2014 08:01:35,38.5595178,-111.9426781,2480.719
176,03/11/2014 16:01:32,38.5600942,-111.9414056,2913.016
180,03/12/2014 08:02:12,38.5961358,-111.9119142,2652.922
181,03/12/2014 12:01:17,38.6031094,-111.9225925,2715.988
182,03/12/2014 16:01:20,38.6049644,-111.922455,2738.828
188,03/13/2014 16:01:20,38.6037969,-111.9192014,2718.078
189,03/13/2014 20:00:59,38.5875475,-111.9224186,2664.621
191,03/14/2014 04:02:05,38.5348897,-111.9311392,2348.727
192,03/14/2014 08:01:20,38.5312275,-111.9550503,2664.84
194,03/14/2014 16:01:40,38.5310861,-111.9550114,2693.68
195,03/14/2014 20:00:58,38.5439658,-111.935845,2390.828
196,03/15/2014 00:01:36,38.5723111,-111.9247103,2667.207
199,03/15/2014 12:01:20,38.5983817,-111.9235689,2764.055
200,03/15/2014 16:01:21,38.5989092,-111.9217483,2708.492
203,03/16/2014 04:00:53,38.5852122,-111.9185256,2595.852
204,03/16/2014 08:01:42,38.5842928,-111.9284231,2720.176
207,03/16/2014 20:01:49,38.5884297,-111.9421433,3016.055
208,03/17/2014 00:01:24,38.5880661,-111.9466656,3086.789
209,03/17/2014 04:01:14,38.5869269,-111.9389992,2981.316
210,03/17/2014 08:01:22,38.5928842,-111.9339408,2986.73
211,03/17/2014 12:00:56,38.5928753,-111.9336983,2968.156
212,03/17/2014 16:01:20,38.5926183,-111.9336425,2991.43
213,03/17/2014 20:01:41,38.5906586,-111.9153775,2546.203
214,03/18/2014 00:01:12,38.5901117,-111.916935,2588.574
215,03/18/2014 04:00:58,38.5894642,-111.9201219,2626.148
216,03/18/2014 08:01:08,38.5865806,-111.9274878,2769.449
217,03/18/2014 12:01:21,38.5867644,-111.9278975,2815.406
218,03/18/2014 16:01:00,38.5868131,-111.9276131,2789.156
219,03/18/2014 20:01:19,38.5870964,-111.9205353,2625.164
220,03/19/2014 00:01:00,38.5872494,-111.9206747,2615.352
221,03/19/2014 04:01:48,38.5872292,-111.9206631,2633.645
222,03/19/2014 08:00:59,38.5993972,-111.91963,2689.852
223,03/19/2014 12:01:19,38.6009586,-111.9188653,2739.547
224,03/19/2014 16:01:42,38.5992128,-111.9203719,2743.73
225,03/19/2014 20:01:49,38.5808475,-111.9021036,2379.902
226,03/20/2014 00:01:19,38.5481994,-111.9279903,2400.063
227,03/20/2014 04:01:18,38.5461833,-111.9306689,2418.852
228,03/20/2014 08:00:52,38.559295,-111.9421772,2899.957
231,03/20/2014 20:00:59,38.5613997,-111.932895,2672.715
232,03/21/2014 00:01:48,38.5575278,-111.9059356,2412.777
233,03/21/2014 04:01:00,38.5550039,-111.9105278,2419.195
234,03/21/2014 08:01:40,38.5570792,-111.9384522,2390.469
236,03/21/2014 16:01:18,38.5587319,-111.9397928,2768.086
237,03/21/2014 20:01:17,38.5556525,-111.9202661,2464.953
238,03/22/2014 00:01:22,38.5549169,-111.8997725,2330.383
239,03/22/2014 04:01:54,38.5549142,-111.89974,2323.129
240,03/22/2014 08:01:18,38.5577144,-111.9047469,2379.828
241,03/22/2014 12:01:21,38.5578117,-111.9046914,2354.32
242,03/22/2014 16:00:57,38.5579025,-111.9047056,2371.738
244,03/23/2014 00:00:58,38.5551286,-111.8987056,2353.777
246,03/23/2014 08:01:12,38.5587936,-111.9110906,2522.777
247,03/23/2014 12:01:18,38.5586042,-111.9110072,2533.039
248,03/23/2014 16:01:18,38.5588078,-111.9110883,2541.707
249,03/23/2014 20:01:19,38.5551336,-111.8986292,2337.008
250,03/24/2014 00:01:19,38.5549367,-111.8990756,2275.305
252,03/24/2014 08:01:23,38.5559231,-111.9125892,2469.531
253,03/24/2014 12:01:18,38.55587,-111.9123822,2503.082
254,03/24/2014 16:01:19,38.5560056,-111.9124889,2488.707
255,03/24/2014 20:01:48,38.5549983,-111.89909,2338.27
257,03/25/2014 04:01:42,38.5551139,-111.8985997,2324.645
260,03/25/2014 16:00:55,38.5612783,-111.94048,2897.414
261,03/25/2014 20:00:59,38.5548922,-111.8996664,2341.992
264,03/26/2014 08:01:12,38.5598281,-111.9088325,2506.219
266,03/26/2014 16:00:58,38.5598189,-111.9088456,2512.664
267,03/26/2014 20:01:18,38.5551758,-111.8982253,2367.137
268,03/27/2014 00:01:18,38.5549211,-111.8997089,2323.891
269,03/27/2014 04:01:18,38.5550742,-111.8987381,2339.906
270,03/27/2014 08:01:38,38.5578397,-111.9365706,2694.863
272,03/27/2014 16:01:29,38.5615322,-111.9404317,2900.883
273,03/27/2014 20:01:53,38.5594369,-111.9429267,2951.898
278,03/28/2014 16:00:58,38.5580825,-111.9442581,2889.742
279,03/28/2014 20:01:46,38.5530142,-111.9349294,2542.93
280,03/29/2014 00:00:59,38.5579356,-111.9048336,2380.23
281,03/29/2014 04:01:12,38.5610119,-111.9071339,2466.355
282,03/29/2014 08:01:18,38.5669669,-111.9391667,2901.344
283,03/29/2014 12:01:56,38.5666803,-111.9388361,2883.445
284,03/29/2014 16:01:20,38.5666919,-111.9389011,2892.617
285,03/29/2014 20:00:59,38.5575344,-111.9261806,2554.418
286,03/30/2014 00:01:48,38.5489186,-111.8914381,2402.445
287,03/30/2014 04:01:41,38.5603203,-111.8731264,2145.277
291,03/30/2014 20:01:48,38.5879272,-111.8779514,2192.922
292,03/31/2014 00:01:39,38.5591767,-111.8831008,2229.953
293,03/31/2014 04:01:48,38.5467019,-111.8909019,2321.336
296,03/31/2014 16:01:42,38.5598736,-111.9423864,2851.055
297,03/31/2014 20:01:22,38.5464392,-111.9141986,2333.914
298,04/01/2014 00:01:00,38.5335925,-111.8810039,2133.758
299,04/01/2014 04:00:59,38.5542586,-111.8764503,2184.57
300,04/01/2014 08:01:00,38.5684447,-111.9001108,2364.23
301,04/01/2014 12:01:20,38.5684014,-111.9000875,2376.563
302,04/01/2014 16:01:20,38.5604953,-111.9069717,2468.566
305,04/02/2014 04:01:01,38.5533578,-111.8999758,2350.969
306,04/02/2014 08:01:06,38.5588369,-111.9106158,2527.18
308,04/02/2014 16:02:06,38.5588183,-111.9105867,2531.285
309,04/02/2014 20:01:44,38.5533108,-111.9001239,2359.836
310,04/03/2014 00:01:19,38.5529686,-111.9002792,2358.543
311,04/03/2014 04:00:59,38.5466331,-111.9144083,2334.629
312,04/03/2014 08:01:19,38.5597717,-111.9088706,2501.914
313,04/03/2014 12:01:22,38.5597392,-111.9087814,2520.73
314,04/03/2014 16:00:57,38.5580456,-111.9061608,2444.723
315,04/03/2014 20:01:12,38.5573814,-111.9061517,2419.035
316,04/04/2014 00:01:16,38.5584939,-111.9059539,2448.859
317,04/04/2014 04:01:20,38.5578311,-111.9060169,2426.52
318,04/04/2014 08:01:21,38.5600589,-111.9104564,2482.023
319,04/04/2014 12:01:25,38.5598133,-111.9096878,2499.629
320,04/04/2014 16:01:22,38.55875,-111.9111006,2509.469
321,04/04/2014 20:01:48,38.5489161,-111.9174486,2421.84
322,04/05/2014 00:01:29,38.5481858,-111.9308611,2413.191
324,04/05/2014 08:02:05,38.5421639,-111.9569867,2623.324
326,04/05/2014 16:01:15,38.5507819,-111.9653017,2740.512
327,04/05/2014 20:01:00,38.5536656,-111.9390403,2632.211
328,04/06/2014 00:01:12,38.5731742,-111.9261897,2686.559
329,04/06/2014 04:00:59,38.5794558,-111.909485,2447.625
330,04/06/2014 08:01:59,38.5881586,-111.922705,2645.68
331,04/06/2014 12:01:19,38.5880928,-111.9224881,2722.336
332,04/06/2014 16:01:12,38.5868272,-111.9295586,2836.332
333,04/06/2014 20:00:59,38.5867456,-111.9237481,2667.547
336,04/07/2014 08:01:48,38.5588483,-111.9122514,2492.867
337,04/07/2014 12:01:18,38.5579564,-111.9125186,2517.891
338,04/07/2014 16:01:20,38.5580567,-111.9120647,2528.168
339,04/07/2014 20:01:20,38.5577303,-111.9112383,2536.621
340,04/08/2014 00:01:20,38.5582897,-111.9050642,2374.695
341,04/08/2014 04:01:14,38.5577819,-111.9067736,2439.59
342,04/08/2014 08:01:22,38.5544764,-111.9130389,2496.969
344,04/08/2014 16:01:43,38.5544747,-111.9131219,2544.258
345,04/08/2014 20:00:57,38.5604878,-111.9079047,2482.938
346,04/09/2014 00:00:58,38.5601742,-111.9079028,2483.297
347,04/09/2014 04:01:18,38.5596483,-111.9067117,2433.031
348,04/09/2014 08:01:45,38.5659892,-111.9381458,2826.668
351,04/09/2014 20:01:21,38.5631333,-111.9147425,2558.344
352,04/10/2014 00:01:22,38.5581592,-111.9061967,2421.934
353,04/10/2014 04:00:59,38.5616181,-111.9090142,2453.844
354,04/10/2014 08:01:22,38.5615533,-111.9404544,2895.91
356,04/10/2014 16:00:55,38.5615006,-111.9405308,2895.648
357,04/10/2014 20:01:48,38.5520775,-111.9243231,2454.777
358,04/11/2014 00:02:20,38.5582106,-111.9059158,2419.605
359,04/11/2014 04:01:20,38.5634386,-111.9093886,2398.82
362,04/11/2014 16:01:20,38.5706961,-111.9310436,2770.484
363,04/11/2014 20:00:59,38.5717028,-111.9309297,2763.547
364,04/12/2014 00:01:14,38.5716606,-111.9310314,2757.84
365,04/12/2014 04:01:21,38.5716369,-111.9309369,2764.188
367,04/12/2014 12:01:22,38.5688917,-111.9381306,3078.453
368,04/12/2014 16:00:57,38.5685106,-111.9387767,2935.813
369,04/12/2014 20:01:50,38.5718536,-111.9223406,2670.695
370,04/13/2014 00:01:22,38.5683364,-111.9108017,2492.125
371,04/13/2014 04:01:36,38.5683867,-111.9107775,2497.934
372,04/13/2014 08:01:19,38.5688108,-111.9105561,2490.094
373,04/13/2014 12:02:03,38.5688764,-111.9104364,2553.496
374,04/13/2014 16:01:37,38.5688,-111.910565,2511.668
375,04/13/2014 20:01:01,38.5688133,-111.9106111,2501.547
379,04/14/2014 12:01:08,38.5715156,-111.9256986,2582.113
380,04/14/2014 16:01:20,38.5727869,-111.9250772,2687.234
381,04/14/2014 20:01:17,38.5677875,-111.9105636,2485.973
382,04/15/2014 00:01:02,38.5676017,-111.9106106,2479.531
383,04/15/2014 04:01:19,38.5582025,-111.9290703,2548.988
387,04/15/2014 20:02:14,38.5676919,-111.9284378,2656.594
388,04/16/2014 00:01:20,38.5685247,-111.9107878,2502.309
389,04/16/2014 04:02:02,38.5686869,-111.9107136,2504.504
390,04/16/2014 08:01:19,38.572835,-111.9250622,2748.961
391,04/16/2014 12:01:37,38.5723936,-111.9249325,2682.813
392,04/16/2014 16:01:59,38.5724392,-111.9205661,2638.582
393,04/16/2014 20:00:59,38.5686792,-111.9107722,2519.773
394,04/17/2014 00:01:18,38.5686686,-111.9106672,2508.738
395,04/17/2014 04:01:19,38.5678689,-111.9107839,2480.121
397,04/17/2014 12:01:20,38.5725494,-111.9250656,2688.148
399,04/17/2014 20:01:18,38.5691611,-111.9102708,2508.965
400,04/18/2014 00:01:00,38.5691683,-111.9103292,2503.086
401,04/18/2014 04:01:11,38.5691478,-111.9103136,2500.973
404,04/18/2014 16:01:18,38.5726578,-111.9248983,2655.57
405,04/18/2014 20:01:06,38.5680558,-111.9102464,2491.148
406,04/19/2014 00:00:59,38.5680969,-111.9102394,2493.016
407,04/19/2014 04:01:33,38.5670183,-111.9101756,2481.152
408,04/19/2014 08:01:22,38.5725678,-111.9247381,2662.387
409,04/19/2014 12:01:04,38.5724711,-111.9247747,2626.391
410,04/19/2014 16:01:18,38.5725614,-111.9247039,2681.457
411,04/19/2014 20:02:07,38.5688869,-111.9104269,2510.266
412,04/20/2014 00:01:48,38.5672953,-111.9096361,2466.672
413,04/20/2014 04:01:19,38.56704,-111.9099992,2487.375
414,04/20/2014 08:00:57,38.5725197,-111.9215797,2622.527
415,04/20/2014 12:01:19,38.5728828,-111.9251717,2664.949
416,04/20/2014 16:01:11,38.5727942,-111.9255461,2647.582
417,04/20/2014 20:00:59,38.5788078,-111.9184106,2566.371
418,04/21/2014 00:00:57,38.5788833,-111.9185217,2558.973
419,04/21/2014 04:01:38,38.5788697,-111.9185153,2557.113
420,04/21/2014 08:00:57,38.5927336,-111.9252594,2792.422
421,04/21/2014 12:01:19,38.5929489,-111.9247447,2714.758
422,04/21/2014 16:00:50,38.5928886,-111.9247386,2714.688
425,04/22/2014 04:01:18,38.5786983,-111.90908,2461.523
427,04/22/2014 12:01:27,38.5786228,-111.9263525,2684.609
428,04/22/2014 16:00:56,38.5786264,-111.9263992,2668.602
429,04/22/2014 20:01:20,38.5768911,-111.9073339,2465.922
430,04/23/2014 00:01:14,38.5724358,-111.8980086,2328.344
431,04/23/2014 04:00:59,38.5723772,-111.8980458,2318.25
432,04/23/2014 08:01:36,38.5721653,-111.8980636,2330.41
433,04/23/2014 12:02:07,38.57231,-111.8980975,2304.563
434,04/23/2014 16:01:01,38.5722144,-111.8980922,2340.422
435,04/23/2014 20:01:22,38.5731572,-111.8975217,2346.188
436,04/24/2014 00:01:22,38.5725353,-111.8979603,2330.734
437,04/24/2014 04:01:21,38.5721119,-111.8983489,2319.855
438,04/24/2014 08:01:23,38.573425,-111.9025611,2382.633
440,04/24/2014 16:01:20,38.5730194,-111.8996042,2355.684
441,04/24/2014 20:01:04,38.5723433,-111.89791,2322.305
445,04/25/2014 12:01:18,38.5734081,-111.9025361,2379.27
447,04/25/2014 20:01:02,38.5722483,-111.8978997,2323.738
449,04/26/2014 04:01:12,38.5723583,-111.89786,2336.895
450,04/26/2014 08:00:59,38.5723931,-111.9002122,2350.766
451,04/26/2014 12:01:21,38.5724561,-111.8989386,2341.242
452,04/26/2014 16:02:13,38.572505,-111.8980917,2327.488
453,04/26/2014 20:00:59,38.5725317,-111.898035,2320.445
454,04/27/2014 00:01:19,38.5722919,-111.8979092,2320.703
455,04/27/2014 04:01:26,38.5726678,-111.9004786,2276.633
456,04/27/2014 08:01:18,38.5786983,-111.9264114,2690.375
457,04/27/2014 12:01:28,38.5786806,-111.9263478,2698.246
458,04/27/2014 16:01:19,38.5787611,-111.9263803,2696.363
459,04/27/2014 20:01:40,38.5730836,-111.8988036,2296.641
460,04/28/2014 00:01:12,38.5730944,-111.8989544,2316.621
461,04/28/2014 04:01:38,38.5724192,-111.8978942,2307.289
462,04/28/2014 08:01:01,38.5786778,-111.9264131,2686.492
463,04/28/2014 12:01:20,38.5786703,-111.9264619,2685.191
464,04/28/2014 16:00:59,38.5787167,-111.9263525,2700.414
466,04/29/2014 00:01:15,38.5738558,-111.898815,2710.332
467,04/29/2014 04:00:52,38.5723753,-111.8978111,2293.375
468,04/29/2014 08:01:22,38.5733422,-111.9244756,2630.508
469,04/29/2014 12:01:43,38.5763819,-111.9261094,2738.996
470,04/29/2014 16:01:00,38.576485,-111.9260217,2716.809
471,04/29/2014 20:01:10,38.5735958,-111.9347392,2905.18
474,04/30/2014 08:01:25,38.5717056,-111.9380178,2947.473
475,04/30/2014 12:01:21,38.5717258,-111.9379978,2959.879
476,04/30/2014 16:01:00,38.5717981,-111.9379794,2962.102
477,04/30/2014 20:02:07,38.5671944,-111.9393092,2910.973
479,05/01/2014 04:01:04,38.5551583,-111.9551844,2728.66
480,05/01/2014 08:01:19,38.5518044,-111.9652042,2794.098
481,05/01/2014 12:01:20,38.5517403,-111.9652436,2835.688
482,05/01/2014 16:01:05,38.5517486,-111.9651667,2810.414
483,05/01/2014 20:01:43,38.5463144,-111.9550925,2648.848
484,05/02/2014 00:00:58,38.5385414,-111.9453419,2565.652
485,05/02/2014 04:01:49,38.5402303,-111.9364872,2316.957
486,05/02/2014 08:00:59,38.5399392,-111.9500706,2499.148
487,05/02/2014 12:01:16,38.5401886,-111.9499147,2546.141
488,05/02/2014 16:00:59,38.5399186,-111.9501067,2525.922
489,05/02/2014 20:01:42,38.5348097,-111.9377842,2489.93
490,05/03/2014 00:01:07,38.5339822,-111.9389025,2512.996
491,05/03/2014 04:00:57,38.5340225,-111.9388367,2515.699
494,05/03/2014 16:01:18,38.5371103,-111.9502786,2636.953
495,05/03/2014 20:01:26,38.5340197,-111.9386375,2527.297
496,05/04/2014 00:01:10,38.5339619,-111.9388025,2517.18
497,05/04/2014 04:01:06,38.5339828,-111.9387553,2514.629
498,05/04/2014 08:01:36,38.5396975,-111.949745,2552.328
499,05/04/2014 12:01:20,38.5396169,-111.9498303,2540.047
500,05/04/2014 16:01:24,38.5399728,-111.9496089,2546.043
501,05/04/2014 20:01:20,38.5349267,-111.9397639,2547.133
503,05/05/2014 04:01:21,38.5401786,-111.9461047,2550.125
504,05/05/2014 08:01:20,38.5398761,-111.9497442,2553.914
505,05/05/2014 12:01:19,38.5401686,-111.9498903,2593.844
506,05/05/2014 16:01:19,38.5397203,-111.9501747,2537.648
509,05/06/2014 04:02:05,38.5228806,-111.9649836,2675.73
511,05/06/2014 12:01:09,38.5238344,-111.9920347,2917.402
512,05/06/2014 16:01:18,38.5240942,-111.9934639,2900.352
513,05/06/2014 20:00:59,38.5173122,-111.9728364,2710.879
514,05/07/2014 00:00:50,38.5172978,-111.9581564,2656.586
515,05/07/2014 04:01:21,38.5071219,-111.9692481,2614.414
516,05/07/2014 08:01:18,38.5244639,-111.9955675,2899.145
517,05/07/2014 12:01:21,38.5266083,-111.9940736,2869.781
518,05/07/2014 16:01:53,38.5272581,-111.9803719,2781.449
519,05/07/2014 20:01:36,38.5249436,-111.9640939,2701.781
520,05/08/2014 00:01:18,38.5213836,-111.9537547,2611.125
522,05/08/2014 08:01:48,38.5280036,-111.9556878,2670.965
524,05/08/2014 16:01:37,38.5281961,-111.9554361,2672.23
525,05/08/2014 20:01:22,38.5248778,-111.9565292,2677.551
526,05/09/2014 00:01:16,38.5110069,-111.9584456,2625.418
527,05/09/2014 04:01:00,38.5127828,-111.9784206,2651.816
528,05/09/2014 08:01:17,38.5263581,-111.9790083,2765.66
529,05/09/2014 12:01:19,38.5248075,-111.9858144,2793.375
530,05/09/2014 16:01:18,38.5247489,-111.9862114,2781.199
531,05/09/2014 20:01:11,38.5245178,-111.9863522,2796.906
533,05/10/2014 04:01:08,38.52452,-111.9863911,2793.258
534,05/10/2014 08:01:48,38.5245025,-111.9863292,2787.887
535,05/10/2014 12:01:44,38.5246539,-111.9863022,2792.711
536,05/10/2014 16:01:18,38.5244628,-111.9863139,2783.09
538,05/11/2014 00:01:13,38.5241825,-111.9861083,2824.531
539,05/11/2014 04:02:27,38.5242953,-111.9861011,2801.531
540,05/11/2014 08:01:14,38.5243725,-111.9861978,2789.645
541,05/11/2014 12:01:42,38.5244242,-111.9865061,2795.207
542,05/11/2014 16:01:26,38.5243894,-111.9860169,2757.395
544,05/12/2014 00:01:14,38.5245844,-111.9861792,2784.477
545,05/12/2014 04:01:18,38.5243614,-111.9860431,2783.047
546,05/12/2014 08:01:00,38.5243808,-111.9860994,2792.656
547,05/12/2014 12:01:20,38.5244769,-111.9860633,2799.414
548,05/12/2014 16:01:20,38.5242128,-111.9861889,2789.738
549,05/12/2014 20:01:20,38.5243472,-111.9860978,2790.598
550,05/13/2014 00:02:25,38.5244975,-111.9864647,2781.25
551,05/13/2014 04:01:06,38.5243544,-111.9861514,2804.898
552,05/13/2014 08:01:21,38.5242553,-111.9861411,2801.957
554,05/13/2014 16:01:20,38.5246672,-111.9863989,2799.484
555,05/13/2014 20:01:21,38.5242703,-111.9861469,2798.164
556,05/14/2014 00:01:09,38.5242883,-111.9861047,2787.012
557,05/14/2014 04:01:21,38.5242692,-111.9861553,2776.332
558,05/14/2014 08:01:12,38.5244556,-111.9861653,2797.055
559,05/14/2014 12:01:48,38.5245556,-111.9863706,2794.039
560,05/14/2014 16:01:36,38.5243694,-111.9861661,2790.793
561,05/14/2014 20:01:27,38.5244958,-111.9862453,2774.398
563,05/15/2014 04:02:06,38.5244881,-111.9863861,2792.844
564,05/15/2014 08:01:14,38.5244225,-111.9863111,2789.645
565,05/15/2014 12:01:19,38.52463,-111.9861969,2796.781
566,05/15/2014 16:01:16,38.5245128,-111.9856628,2842.855
567,05/15/2014 20:01:20,38.5245722,-111.9860992,2780.973
569,05/16/2014 04:01:20,38.5245711,-111.9864289,2770.508
571,05/16/2014 12:01:21,38.5247392,-111.9863636,2797.582
572,05/16/2014 16:01:20,38.5245919,-111.9862911,2779.539
573,05/16/2014 20:01:21,38.5246786,-111.9862539,2791.359
574,05/17/2014 00:01:02,38.5243994,-111.9865206,2777.004
575,05/17/2014 04:01:00,38.5245881,-111.9861386,2785.223
577,05/17/2014 12:01:06,38.52438,-111.9862389,2813.043
578,05/17/2014 16:01:22,38.5244697,-111.9863467,2822.688
580,05/18/2014 00:01:13,38.5247617,-111.9858739,2782.82
581,05/18/2014 04:01:20,38.5244311,-111.9863847,2800.793
583,05/18/2014 12:01:18,38.5283847,-111.9878797,2853.34
584,05/18/2014 16:01:16,38.5299864,-111.9887517,2843.82
585,05/18/2014 20:01:54,38.5308889,-111.9841192,2803.691
587,05/19/2014 04:01:42,38.5271792,-111.9827075,2769.695
588,05/19/2014 08:01:13,38.529225,-111.9816394,2818.098
590,05/19/2014 16:01:17,38.5240075,-111.9763692,2818.973
591,05/19/2014 20:01:03,38.5260342,-111.9779706,2761.766
592,05/20/2014 00:01:22,38.5262511,-111.9798167,2797.383
594,05/20/2014 08:01:22,38.5265872,-111.9797292,2800.656
595,05/20/2014 12:01:43,38.5263736,-111.9793389,2784.328
596,05/20/2014 16:01:22,38.5264375,-111.9795139,2740.152
597,05/20/2014 20:00:59,38.5262622,-111.979715,2746.074
598,05/21/2014 00:01:01,38.5260656,-111.9795403,2742.582
599,05/21/2014 04:01:20,38.5261953,-111.9793514,2775.203
601,05/21/2014 12:01:19,38.5273164,-111.9789528,2771.863
602,05/21/2014 16:01:20,38.5264367,-111.9795008,2797.176
605,05/22/2014 04:02:06,38.5263478,-111.9795228,2769.012
606,05/22/2014 08:01:56,38.5262269,-111.9794453,2801.477
607,05/22/2014 12:01:17,38.5263611,-111.97974,2764.113
608,05/22/2014 16:01:48,38.5262069,-111.9798525,2743.461
609,05/22/2014 20:01:17,38.5261511,-111.9797075,2781.406
610,05/23/2014 00:01:43,38.5262383,-111.9794128,2761.258
612,05/23/2014 08:02:17,38.5263294,-111.9796925,2789.73
613,05/23/2014 12:01:19,38.5262497,-111.9796572,2792.152
614,05/23/2014 16:02:28,38.5268942,-111.9796239,2778.809
615,05/23/2014 20:00:59,38.5262578,-111.9791553,2781.234
616,05/24/2014 00:01:35,38.5263692,-111.9795906,2762.027
617,05/24/2014 04:01:17,38.5290967,-111.9775397,2749.551
619,05/24/2014 12:00:59,38.5478256,-111.9869958,2841.695
620,05/24/2014 16:01:19,38.5515664,-111.9818836,2831.84
621,05/24/2014 20:01:20,38.5519783,-111.9809722,2834.465
622,05/25/2014 00:01:37,38.5519692,-111.9809183,2838.195
623,05/25/2014 04:01:19,38.5519086,-111.9808708,2875.402
624,05/25/2014 08:01:39,38.5520431,-111.9807297,2848.344
625,05/25/2014 12:00:59,38.5518306,-111.9809056,2870.715
626,05/25/2014 16:00:59,38.55199,-111.9808206,2862.035
627,05/25/2014 20:01:48,38.5522583,-111.9809703,2899.133
629,05/26/2014 04:01:21,38.5519494,-111.9810028,2840.426
633,05/26/2014 20:01:19,38.5521133,-111.9808717,2845.574
634,05/27/2014 00:01:07,38.5518817,-111.9808256,2839.668
635,05/27/2014 04:01:16,38.5518194,-111.9808525,2832.965
637,05/27/2014 12:01:36,38.5552875,-111.9746942,2813.973
638,05/27/2014 16:01:29,38.5555669,-111.9746683,2820.266
641,05/28/2014 04:02:16,38.5677147,-111.9709339,2914.988
642,05/28/2014 08:02:05,38.5824661,-111.96764,2917.125
643,05/28/2014 12:01:13,38.5828594,-111.9675272,3172.902
646,05/29/2014 00:02:15,38.5721156,-111.9579511,3040.797
651,05/29/2014 20:02:23,38.5637186,-111.9479925,2925.227
652,05/30/2014 00:00:57,38.5680378,-111.9600564,2979.09
653,05/30/2014 04:01:21,38.5637383,-111.9475081,2921.531
656,05/30/2014 16:01:07,38.5576847,-111.9511092,2829.508
657,05/30/2014 20:01:47,38.5523931,-111.9469378,2627.332
658,05/31/2014 00:00:56,38.5418928,-111.9360619,2394.828
659,05/31/2014 04:01:21,38.5354681,-111.9379847,2479.082
660,05/31/2014 08:01:19,38.5363794,-111.9458481,2620.883
661,05/31/2014 12:01:01,38.5359386,-111.9463003,2654.707
662,05/31/2014 16:01:36,38.5357869,-111.9462361,2666.477
663,05/31/2014 20:01:18,38.5327303,-111.9401358,2541.469
664,06/01/2014 00:00:59,38.5343528,-111.9210714,2261.852
665,06/01/2014 04:02:06,38.5277303,-111.92741,2364.477
666,06/01/2014 08:01:06,38.54061,-111.9367903,2413.137
667,06/01/2014 12:01:48,38.5420019,-111.9387178,2441.512
668,06/01/2014 16:01:14,38.5422306,-111.9393967,2433.281
669,06/01/2014 20:01:40,38.5379583,-111.9287931,2333.91
670,06/02/2014 00:01:14,38.5491189,-111.906075,2334.504
671,06/02/2014 04:01:44,38.5488872,-111.8821522,2307.711
672,06/02/2014 08:01:14,38.5641142,-111.9043347,2371.113
673,06/02/2014 12:00:51,38.5613431,-111.9063586,2445.563
674,06/02/2014 16:02:28,38.5607711,-111.9078522,2475.184
675,06/02/2014 20:01:42,38.5608067,-111.9078075,2472.871
676,06/03/2014 00:01:06,38.560935,-111.9078914,2460.047
677,06/03/2014 04:01:31,38.5607578,-111.9079389,2461.703
679,06/03/2014 12:01:00,38.5608847,-111.907735,2475.117
680,06/03/2014 16:02:06,38.5608533,-111.9077928,2474.184
681,06/03/2014 20:01:18,38.5607342,-111.9079247,2476.301
682,06/04/2014 00:01:04,38.5608353,-111.9078636,2473.703
683,06/04/2014 04:01:19,38.5608469,-111.9077997,2459.207
685,06/04/2014 12:01:00,38.5610656,-111.9077678,2472.691
686,06/04/2014 16:01:22,38.5618733,-111.9077403,2547.941
687,06/04/2014 20:01:18,38.5624628,-111.9104158,2406.547
689,06/05/2014 04:01:17,38.5607819,-111.9078803,2473.016
691,06/05/2014 12:01:22,38.5605681,-111.9081361,2485.617
692,06/05/2014 16:01:06,38.5609178,-111.9077553,2468.621
693,06/05/2014 20:01:49,38.5608431,-111.9078758,2461.098
694,06/06/2014 00:00:49,38.5629136,-111.9098839,2372.074
695,06/06/2014 04:01:48,38.5607525,-111.9079275,2467.723
698,06/06/2014 16:01:18,38.5605992,-111.9082133,2476.691
699,06/06/2014 20:02:00,38.5606889,-111.9079539,2476.051
700,06/07/2014 00:01:19,38.5608697,-111.9078628,2467.613
701,06/07/2014 04:01:45,38.5609892,-111.9077544,2472.965
705,06/07/2014 20:01:07,38.5658217,-111.9143411,2538.801
706,06/08/2014 00:01:37,38.5611344,-111.9074461,2646.945
707,06/08/2014 04:01:14,38.5608558,-111.9078742,2459.988
711,06/08/2014 20:01:08,38.5607608,-111.9078439,2470.242
712,06/09/2014 00:00:59,38.5616406,-111.9048517,2436.457
713,06/09/2014 04:01:21,38.5617933,-111.9049072,2421.207
715,06/09/2014 12:01:59,38.5643703,-111.9092856,2445.746
716,06/09/2014 16:01:49,38.5643828,-111.9093728,2441.664
717,06/09/2014 20:01:19,38.56113,-111.9058353,2448.438
718,06/10/2014 00:01:21,38.5618186,-111.9049978,2437.672
719,06/10/2014 04:01:18,38.5601997,-111.9190058,2438.77
722,06/10/2014 16:01:42,38.5642297,-111.9385064,2896.711
723,06/10/2014 20:01:22,38.56995,-111.9435853,3014.188
724,06/11/2014 00:01:20,38.5734028,-111.9444347,3074.535
726,06/11/2014 08:02:14,38.5800136,-111.9472653,3054.301
727,06/11/2014 12:01:19,38.5782831,-111.9497786,3122.109
728,06/11/2014 16:01:20,38.5772997,-111.9523381,3162.273
730,06/12/2014 00:01:16,38.5694364,-111.9601311,2986.93
732,06/12/2014 08:00:59,38.5578831,-111.9653508,2889.352
734,06/12/2014 16:01:23,38.5579606,-111.9653128,2892.434
735,06/12/2014 20:01:48,38.5492183,-111.9581836,2781.258
736,06/13/2014 00:00:59,38.5498933,-111.9596886,2813.957
737,06/13/2014 04:02:09,38.5497147,-111.9602639,2818.406
738,06/13/2014 08:01:01,38.5501556,-111.9635647,2770.77
739,06/13/2014 12:01:48,38.5500542,-111.9638,2779.953
741,06/13/2014 20:00:58,38.5460614,-111.9510686,2642.395
742,06/14/2014 00:01:18,38.5455758,-111.94984,2584.027
743,06/14/2014 04:01:33,38.5462036,-111.9502986,2588.477
745,06/14/2014 12:01:42,38.5439561,-111.9540919,2612.828
747,06/14/2014 20:01:06,38.5458383,-111.95005,2564.145
749,06/15/2014 04:00:58,38.5471883,-111.9479131,2580.379
750,06/15/2014 08:01:14,38.5476622,-111.9496225,2565.102
751,06/15/2014 12:01:36,38.5499003,-111.9519325,2603.113
752,06/15/2014 16:01:19,38.5519408,-111.9516133,2673.324
753,06/15/2014 20:01:10,38.5518886,-111.950485,2676.574
754,06/16/2014 00:01:18,38.5517503,-111.9504411,2719.395
755,06/16/2014 04:01:19,38.5520108,-111.9504647,2715.832
756,06/16/2014 08:00:56,38.5569978,-111.9455475,2876.512
758,06/16/2014 16:01:12,38.5520933,-111.942015,2627.98
760,06/17/2014 00:00:59,38.5428183,-111.9418872,2426.625
761,06/17/2014 04:01:14,38.5427208,-111.94153,2475.359
762,06/17/2014 08:01:14,38.5426956,-111.9418247,2427.93
763,06/17/2014 12:01:18,38.5514181,-111.9463219,2609.387
767,06/18/2014 04:01:12,38.5595961,-111.9467808,2868.617
770,06/18/2014 16:01:19,38.5720269,-111.9404808,3008.82
771,06/18/2014 20:01:24,38.5708831,-111.9436989,2987.367
774,06/19/2014 08:01:19,38.5756122,-111.9423636,2992.457
776,06/19/2014 16:01:50,38.5734536,-111.9340981,2783.363
777,06/19/2014 20:01:07,38.5547414,-111.9412375,2652.125
778,06/20/2014 00:01:16,38.5547072,-111.9412883,2661.879
779,06/20/2014 04:01:15,38.5548547,-111.9412739,2620.996
780,06/20/2014 08:01:48,38.5552453,-111.9408467,2665.836
781,06/20/2014 12:01:19,38.5552433,-111.9409189,2673.961
782,06/20/2014 16:00:59,38.5555864,-111.9386822,2682.035
783,06/20/2014 20:01:12,38.5426997,-111.9418714,2419.578
786,06/21/2014 08:01:19,38.5433436,-111.9442078,2419.805
789,06/21/2014 20:01:29,38.5411672,-111.9421689,2520.789
791,06/22/2014 04:01:16,38.5365247,-111.9541303,2676.262
792,06/22/2014 08:01:18,38.5394781,-111.9552783,2629.328
793,06/22/2014 12:01:19,38.5409281,-111.9574831,2628.379
795,06/22/2014 20:01:18,38.5394381,-111.9551725,2627.145
797,06/23/2014 04:01:19,38.5394725,-111.9552736,2616.777
801,06/23/2014 20:01:14,38.549085,-111.9627467,2763.867
802,06/24/2014 00:01:14,38.5487394,-111.9604847,2774.508
803,06/24/2014 04:01:49,38.5500614,-111.9696308,2849.789
807,06/24/2014 20:01:33,38.5672878,-111.9598975,2940.059
808,06/25/2014 00:00:54,38.575305,-111.9623678,3110.398
809,06/25/2014 04:01:40,38.5832008,-111.9788972,2942.379
811,06/25/2014 12:01:21,38.6007714,-111.9702578,3016.082
812,06/25/2014 16:01:21,38.5991089,-111.9704125,3004.754
813,06/25/2014 20:01:19,38.5970131,-111.9746922,2903.113
814,06/26/2014 00:01:43,38.5822544,-111.9835036,2868.152
815,06/26/2014 04:01:17,38.5957892,-111.9907867,2921.023
817,06/26/2014 12:01:08,38.6060878,-111.988745,3062.363
818,06/26/2014 16:01:28,38.606075,-111.9888536,3114.762
819,06/26/2014 20:01:22,38.606015,-111.9888117,3083.156
822,06/27/2014 08:01:20,38.6062039,-111.9887239,3067.391
825,06/27/2014 20:01:10,38.6059572,-111.988715,3065.578
826,06/28/2014 00:01:13,38.6060572,-111.9888433,3070.199
827,06/28/2014 04:01:11,38.6060078,-111.9887253,3058.555
828,06/28/2014 08:01:42,38.6060261,-111.9888669,3096.727
829,06/28/2014 12:01:13,38.6060458,-111.9889889,3070.297
830,06/28/2014 16:01:48,38.6061353,-111.9888719,3106.383
831,06/28/2014 20:01:25,38.6059358,-111.9889128,3059.762
832,06/29/2014 00:01:20,38.6060769,-111.9888525,3092.727
833,06/29/2014 04:01:51,38.6060608,-111.9886847,3088.742
834,06/29/2014 08:00:50,38.6060906,-111.9887583,3082.371
835,06/29/2014 12:00:57,38.6061622,-111.9887281,3083.793
836,06/29/2014 16:01:28,38.6061917,-111.9886003,3065.414
837,06/29/2014 20:01:42,38.6060217,-111.9887697,3103.391
838,06/30/2014 00:01:03,38.6061739,-111.9888039,3075.574
839,06/30/2014 04:02:09,38.6060714,-111.9886625,3098.605
843,06/30/2014 20:01:19,38.6060844,-111.9883692,3089.305
846,07/01/2014 08:00:57,38.6013897,-111.9673392,3104.906
848,07/01/2014 16:01:20,38.5983142,-111.9615475,3083.008
849,07/01/2014 20:01:20,38.5989908,-111.961075,3146.723
850,07/02/2014 00:01:18,38.5989492,-111.9612364,3170.047
853,07/02/2014 12:01:19,38.5986408,-111.9610686,3185.84
855,07/02/2014 20:01:20,38.5989883,-111.9612547,3176.91
856,07/03/2014 00:01:20,38.5988447,-111.9611725,3181.125
860,07/03/2014 16:01:20,38.5970828,-111.9607031,3154.754
861,07/03/2014 20:01:20,38.5988561,-111.9611244,3218.641
862,07/04/2014 00:01:19,38.5988503,-111.9611206,3147.992
867,07/04/2014 20:00:59,38.5744353,-111.9409494,2966.195
868,07/05/2014 00:01:20,38.5720422,-111.9378817,2959.277
870,07/05/2014 08:01:20,38.5708306,-111.9409331,3008.145
871,07/05/2014 12:01:21,38.5710158,-111.9442803,3008.465
872,07/05/2014 16:01:49,38.5754797,-111.9439075,3059.066
873,07/05/2014 20:01:12,38.5837603,-111.9572942,3279.969
874,07/06/2014 00:02:06,38.5987603,-111.9612617,3142.68
875,07/06/2014 04:01:03,38.5754317,-111.9423514,2973.551
877,07/06/2014 12:01:13,38.5754089,-111.9423178,2986.277
878,07/06/2014 16:01:08,38.575435,-111.9423675,2987.109
882,07/07/2014 08:01:21,38.5755033,-111.9424314,2995.477
883,07/07/2014 12:01:18,38.5755967,-111.9422219,3021.504
884,07/07/2014 16:01:29,38.5758433,-111.9429092,2960.047
885,07/07/2014 20:01:25,38.5758269,-111.9424292,2989.934
886,07/08/2014 00:02:23,38.5755447,-111.9423264,2991.234
888,07/08/2014 08:01:19,38.5754844,-111.9424514,3021.422
889,07/08/2014 12:01:18,38.5755317,-111.9423847,3002.293
892,07/09/2014 00:01:00,38.5918,-111.9653111,3107.438
893,07/09/2014 04:01:22,38.5913853,-111.9631103,3148.559
894,07/09/2014 08:01:20,38.5756483,-111.9424403,3015.609
899,07/10/2014 04:01:51,38.5755547,-111.94227,3006.02
900,07/10/2014 08:01:22,38.5756131,-111.9422861,2992.594
901,07/10/2014 12:01:21,38.5755894,-111.9424881,2972.152
903,07/10/2014 20:02:07,38.5916711,-111.9651678,3130.645
904,07/11/2014 00:01:21,38.5919667,-111.9653064,3064.949
905,07/11/2014 04:01:20,38.5917122,-111.9652389,3061.164
906,07/11/2014 08:01:53,38.5912897,-111.9654333,3164.934
907,07/11/2014 12:01:22,38.5913808,-111.9650047,3089.754
909,07/11/2014 20:01:20,38.5914342,-111.9632872,3143.809
911,07/12/2014 04:01:25,38.5918744,-111.9655567,3104.391
912,07/12/2014 08:00:49,38.5900625,-111.96406,3120.836
914,07/12/2014 16:01:01,38.5897308,-111.9643397,3213.414
916,07/13/2014 00:01:14,38.5912044,-111.9653925,3100.57
919,07/13/2014 12:01:19,38.5895497,-111.9624339,3213.691
920,07/13/2014 16:02:15,38.5895197,-111.9624233,3228.32
921,07/13/2014 20:01:26,38.5810461,-111.9559819,3212.73
922,07/14/2014 00:01:23,38.5817772,-111.9484592,3065.832
924,07/14/2014 08:01:36,38.5830444,-111.9317744,2760.371
925,07/14/2014 12:01:19,38.5860567,-111.9259392,2755.07
926,07/14/2014 16:01:19,38.5858953,-111.9258181,2648.855
928,07/15/2014 00:01:51,38.5798742,-111.9199433,2615.234
929,07/15/2014 04:00:59,38.59089,-111.91848,2629.648
930,07/15/2014 08:01:22,38.5828917,-111.9219981,2585.656
931,07/15/2014 12:01:36,38.5790369,-111.9219561,2613.215
932,07/15/2014 16:01:19,38.5777364,-111.9214328,2598.633
934,07/16/2014 00:01:36,38.5843558,-111.92308,2658.371
935,07/16/2014 04:01:30,38.5793458,-111.9289883,2704.504
937,07/16/2014 12:01:23,38.5696917,-111.9378597,2822.977
938,07/16/2014 16:01:19,38.5712628,-111.9325056,2818.93
940,07/17/2014 00:02:12,38.5875469,-111.9011378,2403.016
941,07/17/2014 04:01:12,38.5909839,-111.8960233,2359.402
942,07/17/2014 08:01:01,38.5926678,-111.8926856,2383.27
943,07/17/2014 12:01:16,38.5926394,-111.8925836,2352.781
944,07/17/2014 16:01:18,38.5932064,-111.8893478,2418.652
945,07/17/2014 20:01:46,38.5838833,-111.8959336,2384.578
947,07/18/2014 04:01:20,38.5709889,-111.9354578,2891.191
948,07/18/2014 08:01:18,38.5731503,-111.9394089,2966.016
950,07/18/2014 16:01:21,38.5754536,-111.9414603,2985.332
951,07/18/2014 20:01:44,38.5772461,-111.9516439,3072.941
952,07/19/2014 00:00:59,38.5923267,-111.9604189,3108.176
953,07/19/2014 04:01:21,38.5936817,-111.9573383,3173.23
955,07/19/2014 12:02:08,38.585945,-111.9587869,3287.793
956,07/19/2014 16:01:41,38.5861303,-111.9588003,3278.223
958,07/20/2014 00:01:28,38.5810969,-111.9432833,2977.367
959,07/20/2014 04:02:17,38.5805558,-111.9435133,2964.973
960,07/20/2014 08:01:42,38.5764428,-111.9398258,2909.426
961,07/20/2014 12:01:36,38.5756961,-111.9393889,2930.078
962,07/20/2014 16:01:32,38.5758578,-111.9393892,2926.258
964,07/21/2014 00:02:23,38.5828275,-111.9457686,2985.965
965,07/21/2014 04:01:38,38.5881744,-111.9574036,3275.715
966,07/21/2014 08:01:18,38.5862494,-111.9556672,3317.48
967,07/21/2014 12:01:21,38.5859678,-111.9556464,3274.465
968,07/21/2014 16:01:04,38.5860022,-111.9557628,3291.977
969,07/21/2014 20:01:07,38.5846192,-111.9565325,3258.68
970,07/22/2014 00:01:08,38.5845586,-111.9565675,3237.887
972,07/22/2014 08:01:06,38.5846394,-111.9512875,3122.969
973,07/22/2014 12:01:37,38.5842628,-111.951385,3150.809
974,07/22/2014 16:01:21,38.5840742,-111.9515411,3094.453
975,07/22/2014 20:01:48,38.5833294,-111.9268008,2737.441
976,07/23/2014 00:00:49,38.5938617,-111.9115967,2557.266
978,07/23/2014 08:01:02,38.5952531,-111.9077775,2473.16
979,07/23/2014 12:01:08,38.5952119,-111.9072447,2462.266
980,07/23/2014 16:01:20,38.5952086,-111.9073303,2454.363
982,07/24/2014 00:02:07,38.5937944,-111.90369,2450.832
983,07/24/2014 04:01:22,38.5934381,-111.8994414,2448.91
984,07/24/2014 08:01:17,38.5939928,-111.9031508,2408.332
985,07/24/2014 12:02:00,38.5943336,-111.9034233,2391.043
986,07/24/2014 16:01:13,38.5944789,-111.9037364,2424.609
987,07/24/2014 20:01:18,38.5890442,-111.90286,2439.176
989,07/25/2014 04:01:15,38.5938792,-111.9111864,2544.75
991,07/25/2014 12:02:16,38.5956881,-111.9119464,2523.75
993,07/25/2014 20:01:20,38.5977406,-111.9129592,2533.449
994,07/26/2014 00:01:23,38.5991219,-111.9124,2552.313
995,07/26/2014 04:01:23,38.5981508,-111.916025,2609.496
996,07/26/2014 08:01:48,38.5987181,-111.9195231,2688.449
997,07/26/2014 12:01:12,38.5987989,-111.9192703,2697.25
998,07/26/2014 16:00:49,38.6031197,-111.9084078,2617.184
999,07/26/2014 20:00:59,38.5972847,-111.8986575,2397.664
1000,07/27/2014 00:02:01,38.5962642,-111.8960844,2380.707
1001,07/27/2014 04:02:05,38.5965047,-111.8961328,2386.305
1002,07/27/2014 08:00:59,38.5961481,-111.8956275,2385.102
1004,07/27/2014 16:00:59,38.5960253,-111.8948844,2399.656
1005,07/27/2014 20:01:20,38.5972606,-111.8962311,2338.246
1006,07/28/2014 00:00:57,38.5964203,-111.8960228,2380.148
1007,07/28/2014 04:01:14,38.5956975,-111.8973111,2442.316
1008,07/28/2014 08:01:00,38.6001944,-111.9020203,2447.813
1009,07/28/2014 12:01:12,38.6002086,-111.9019883,2455.613
1010,07/28/2014 16:01:34,38.6042472,-111.9056719,2537.445
1012,07/29/2014 00:02:21,38.6066678,-111.9022389,2528.848
1014,07/29/2014 08:01:20,38.6063583,-111.9020861,2536.113
1017,07/29/2014 20:01:45,38.6062625,-111.9019436,2548.059
1019,07/30/2014 04:01:21,38.6064436,-111.9019269,2536.477
1024,07/31/2014 00:01:20,38.5995558,-111.9053861,2555.809
1025,07/31/2014 04:01:03,38.5912022,-111.8995858,2392.352
1026,07/31/2014 08:01:13,38.5823061,-111.8987858,2352.691
1027,07/31/2014 12:01:40,38.5830681,-111.8986081,2356.84
1028,07/31/2014 16:01:05,38.5841275,-111.8987078,2489.629
1029,07/31/2014 20:01:21,38.5835161,-111.8985158,2397.324
1030,08/01/2014 00:01:19,38.5831992,-111.8988319,2366.008
1031,08/01/2014 04:02:21,38.5831761,-111.8986872,2344.113
1032,08/01/2014 08:01:46,38.583145,-111.8986589,2349.266
1035,08/01/2014 20:01:21,38.5835514,-111.8985006,2361.297
1037,08/02/2014 04:01:11,38.5835497,-111.8980464,2312.441
1038,08/02/2014 08:00:50,38.5841789,-111.8994525,2383.734
1040,08/02/2014 16:01:19,38.5841133,-111.8994678,2333.922
1041,08/02/2014 20:01:40,38.5780803,-111.8993586,2379.188
1042,08/03/2014 00:01:21,38.5706606,-111.9030789,2370.801
1043,08/03/2014 04:00:59,38.5669392,-111.9085808,2466.785
1044,08/03/2014 08:01:43,38.5603519,-111.9079214,2482.246
1045,08/03/2014 12:00:59,38.5563706,-111.911895,2467.133
1047,08/03/2014 20:01:23,38.5488772,-111.9285419,2384.707
1050,08/04/2014 08:00:54,38.5411894,-111.9359483,2398.125
1051,08/04/2014 12:01:22,38.5405297,-111.9380739,2431.84
1052,08/04/2014 16:02:05,38.5416506,-111.9404831,2485.094
1053,08/04/2014 20:00:58,38.5401928,-111.9399147,2492.535
1054,08/05/2014 00:01:43,38.5400606,-111.9399597,2465.18
1055,08/05/2014 04:01:39,38.5401936,-111.939995,2490.434
1056,08/05/2014 08:01:14,38.5401953,-111.9397897,2445.855
1057,08/05/2014 12:01:07,38.5427889,-111.9392428,2412.563
1058,08/05/2014 16:01:09,38.5420906,-111.9398269,2417.438
1059,08/05/2014 20:00:59,38.5401467,-111.939925,2476.582
1060,08/06/2014 00:01:22,38.5401528,-111.9399186,2459.926
1061,08/06/2014 04:02:18,38.5400972,-111.9399969,2474.68
1063,08/06/2014 12:01:11,38.5425847,-111.9421864,2452.684
1065,08/06/2014 20:01:20,38.5428467,-111.9429408,2438.68
1068,08/07/2014 08:01:01,38.5474872,-111.9450631,2515.09
1070,08/07/2014 16:01:21,38.5484586,-111.9501547,2576.168
1071,08/07/2014 20:01:30,38.5523972,-111.9525872,2675.379
1072,08/08/2014 00:01:19,38.5531094,-111.9538019,2782.426
1073,08/08/2014 04:01:22,38.5550292,-111.9571611,2776.211
1074,08/08/2014 08:01:24,38.5577197,-111.9487847,2867.152
1075,08/08/2014 12:01:19,38.5577478,-111.9487542,2867.383
1077,08/08/2014 20:01:48,38.5701244,-111.9349978,2797.516
1079,08/09/2014 04:01:22,38.5842428,-111.9361139,2953.809
1080,08/09/2014 08:01:39,38.5917078,-111.9286972,2786.289
1081,08/09/2014 12:01:01,38.5971906,-111.9294486,2866.906
1082,08/09/2014 16:01:02,38.5981933,-111.9271908,2831.824
1083,08/09/2014 20:01:23,38.6009342,-111.9229817,2759.977
1086,08/10/2014 08:02:23,38.6007558,-111.9230436,2725.867
1088,08/10/2014 16:02:12,38.5999936,-111.9206406,2703.211
1089,08/10/2014 20:01:58,38.6008486,-111.9231164,2711.293
1090,08/11/2014 00:01:14,38.6010036,-111.9231947,2711.391
1092,08/11/2014 08:01:43,38.6085931,-111.9258867,2773.043
1093,08/11/2014 12:01:22,38.6100111,-111.9267344,2835.84
1097,08/12/2014 04:01:20,38.5968167,-111.8896753,2322.918
1098,08/12/2014 08:01:21,38.5950281,-111.8941217,2416.336
1099,08/12/2014 12:02:01,38.5949978,-111.8940883,2433.344
1102,08/13/2014 00:01:19,38.5968047,-111.8896344,2328.32
1103,08/13/2014 04:01:36,38.5970733,-111.8896367,2338.941
1107,08/13/2014 20:01:18,38.596845,-111.8896111,2329.211
1108,08/14/2014 00:01:30,38.5969447,-111.8895103,2329.395
1111,08/14/2014 12:01:00,38.5983322,-111.8996603,2407.32
1112,08/14/2014 16:01:16,38.5982814,-111.8995589,2404.523
1113,08/14/2014 20:01:28,38.5970919,-111.8896972,2329.246
1116,08/15/2014 08:01:46,38.6018136,-111.9029647,2440.598
1118,08/15/2014 16:01:19,38.6017892,-111.9030969,2444.246
1120,08/16/2014 00:00:51,38.5987311,-111.9013211,2446.637
1121,08/16/2014 04:01:41,38.6023022,-111.9056942,2500.602
1122,08/16/2014 08:01:21,38.6022661,-111.9085558,2607.707
1124,08/16/2014 16:02:23,38.6025381,-111.9083139,2592.594
1125,08/16/2014 20:00:57,38.6028081,-111.9087772,2606.438
1126,08/17/2014 00:00:55,38.6028275,-111.9087453,2617.367
1127,08/17/2014 04:02:04,38.6027128,-111.9087983,2611.434
1128,08/17/2014 08:01:22,38.6022072,-111.9070578,2536.996
1130,08/17/2014 16:01:22,38.6020011,-111.9067192,2590.445
1131,08/17/2014 20:01:02,38.6028422,-111.9086931,2608.629
1132,08/18/2014 00:01:17,38.6028597,-111.9087144,2604.324
1133,08/18/2014 04:01:42,38.6028878,-111.9086703,2609.258
1138,08/19/2014 00:01:13,38.6070567,-111.9118242,2645.898
1139,08/19/2014 04:01:43,38.6079994,-111.9188844,2813.641
1140,08/19/2014 08:01:22,38.6091969,-111.9239219,2804.426
1141,08/19/2014 12:02:27,38.6074242,-111.92812,2815.75
1147,08/20/2014 12:01:18,38.5827642,-111.9529872,3132.594
1148,08/20/2014 16:01:07,38.5826664,-111.9539289,3176.617
1150,08/21/2014 00:01:09,38.5711931,-111.9725253,3020.121
1151,08/21/2014 04:01:19,38.5607581,-111.9738231,2862.602
1152,08/21/2014 08:01:28,38.5531581,-111.9666281,2868.238
1153,08/21/2014 12:01:23,38.5531922,-111.9667231,2883.387
1154,08/21/2014 16:01:22,38.5532889,-111.9668814,2849.289
1155,08/21/2014 20:01:39,38.5542806,-111.9530692,2709.375
1156,08/22/2014 00:01:19,38.5531533,-111.9537494,2647.547
1157,08/22/2014 04:01:25,38.5410633,-111.9523228,2535.602
1158,08/22/2014 08:01:29,38.5443928,-111.9451192,2459.543
1159,08/22/2014 12:01:19,38.5445081,-111.9442914,2417.227
1160,08/22/2014 16:00:59,38.5423661,-111.9382231,2403.082
1161,08/22/2014 20:00:59,38.5420631,-111.9260647,2350.977
1162,08/23/2014 00:01:18,38.5487328,-111.9098272,2340.445
1163,08/23/2014 04:01:52,38.5472944,-111.8901756,2327.32
1164,08/23/2014 08:01:08,38.5684583,-111.9000439,2338.824
1165,08/23/2014 12:01:42,38.5683422,-111.9001386,2347.59
1167,08/23/2014 20:01:42,38.5668217,-111.9057114,2445.879
1169,08/24/2014 04:01:53,38.5668725,-111.9058569,2432.887
1171,08/24/2014 12:01:20,38.5667853,-111.9058183,2462.836
1172,08/24/2014 16:01:20,38.5667208,-111.9059317,2439.324
1175,08/25/2014 04:01:20,38.5668269,-111.90591,2461.941
1176,08/25/2014 08:00:56,38.5667236,-111.9057925,2458.129
1177,08/25/2014 12:01:20,38.5667569,-111.9056494,2464.238
1178,08/25/2014 16:01:56,38.5663986,-111.9051822,2583.633
1179,08/25/2014 20:01:25,38.5666022,-111.9057006,2459.668
1180,08/26/2014 00:01:53,38.5668578,-111.9058331,2460.254
1181,08/26/2014 04:01:17,38.5667558,-111.9058131,2450.008
1182,08/26/2014 08:00:59,38.5665572,-111.9057547,2473.965
1183,08/26/2014 12:01:46,38.5667856,-111.9057928,2456.102
1184,08/26/2014 16:01:18,38.5666697,-111.9055347,2506.605
1185,08/26/2014 20:01:48,38.5668606,-111.9057842,2457.406
1186,08/27/2014 00:01:35,38.5667514,-111.905815,2437.344
1187,08/27/2014 04:01:20,38.5668683,-111.9057339,2443.617
1192,08/28/2014 00:01:18,38.5667547,-111.9057725,2470.645
1193,08/28/2014 04:01:20,38.5668103,-111.9057667,2435.297
1194,08/28/2014 08:00:59,38.5681592,-111.9053072,2427.816
1195,08/28/2014 12:01:07,38.5680342,-111.9053592,2427.555
1196,08/28/2014 16:01:06,38.5681494,-111.9053028,2444.141
1199,08/29/2014 04:01:02,38.5669011,-111.9059944,2469.926
1200,08/29/2014 08:01:11,38.5730567,-111.919675,2594.789
1201,08/29/2014 12:01:21,38.5739219,-111.9220344,2612.492
1202,08/29/2014 16:02:28,38.5738072,-111.9220342,2614.496
1203,08/29/2014 20:01:21,38.5727506,-111.9262469,2695.828
1204,08/30/2014 00:01:18,38.5735189,-111.926245,2687.523
1205,08/30/2014 04:01:10,38.5775244,-111.9259003,2722.887
1207,08/30/2014 12:01:27,38.5817756,-111.9259428,2676.73
1208,08/30/2014 16:01:08,38.5817944,-111.9258931,2667.883
1209,08/30/2014 20:00:59,38.5895661,-111.9081603,2493.445
1210,08/31/2014 00:00:59,38.5907169,-111.9054422,2473.293
1211,08/31/2014 04:02:26,38.5878197,-111.9030225,2410.301
1212,08/31/2014 08:01:44,38.582775,-111.8987686,2353.164
1213,08/31/2014 12:01:08,38.5874225,-111.8917839,2359.879
1214,08/31/2014 16:01:14,38.5888364,-111.8913589,2315.598
1215,08/31/2014 20:01:19,38.5887478,-111.8913347,2311.309
1216,09/01/2014 00:01:18,38.5887506,-111.8912517,2295.395
1218,09/01/2014 08:01:00,38.5889622,-111.8911883,2299
1220,09/01/2014 16:01:18,38.5888014,-111.891255,2304.258
1221,09/01/2014 20:00:57,38.5888211,-111.8913978,2311.859
1222,09/02/2014 00:00:59,38.5888906,-111.8911931,2290.766
1223,09/02/2014 04:01:00,38.5887236,-111.8912506,2311.813
1225,09/02/2014 12:01:42,38.5904494,-111.8969406,2340.559
1226,09/02/2014 16:01:42,38.5904664,-111.8969017,2347.512
1227,09/02/2014 20:01:52,38.5889778,-111.8912031,2297.742
1228,09/03/2014 00:00:55,38.5889369,-111.8912289,2309.664
1229,09/03/2014 04:01:27,38.5891078,-111.8911872,2265.559
1232,09/03/2014 16:01:20,38.5906275,-111.8970344,2367.902
1233,09/03/2014 20:01:22,38.5877275,-111.8914261,2336.371
1234,09/04/2014 00:01:48,38.5898878,-111.8916744,2305.492
1235,09/04/2014 04:01:18,38.5941769,-111.9033136,2419.289
1239,09/04/2014 20:01:10,38.5973047,-111.9235528,2755.785
1241,09/05/2014 04:00:58,38.5951631,-111.9263981,2808.941
1242,09/05/2014 08:00:57,38.5922617,-111.9294578,2854.262
1245,09/05/2014 20:01:22,38.5823686,-111.9338606,2860.637
1246,09/06/2014 00:01:18,38.5823711,-111.9334964,2799.695
1247,09/06/2014 04:01:19,38.5840297,-111.9360411,2816.914
1248,09/06/2014 08:00:59,38.5801375,-111.9346861,2792.906
1249,09/06/2014 12:01:18,38.5801914,-111.9319461,2717.027
1250,09/06/2014 16:01:19,38.5755244,-111.930355,2830.164
1251,09/06/2014 20:01:07,38.5558942,-111.9527269,2768.012
1252,09/07/2014 00:01:08,38.5545825,-111.9549067,2733.246
1253,09/07/2014 04:01:19,38.5540092,-111.9552756,2710.707
1254,09/07/2014 08:01:21,38.5535264,-111.9443483,2666.473
1255,09/07/2014 12:01:22,38.5543606,-111.9415811,2753.047
1256,09/07/2014 16:00:56,38.5579544,-111.9374461,2698.633
1257,09/07/2014 20:01:10,38.5660258,-111.9403797,2903.414
1259,09/08/2014 04:01:48,38.5711514,-111.9346831,2856.434
1260,09/08/2014 08:01:18,38.5664236,-111.9351675,2854.461
1261,09/08/2014 12:01:39,38.5663058,-111.9355869,2824.879
1263,09/08/2014 20:01:42,38.5641986,-111.9393928,2899.238
1266,09/09/2014 08:01:08,38.5668714,-111.9382603,2876.273
1267,09/09/2014 12:00:49,38.5665436,-111.9384897,2896.402
1269,09/09/2014 20:01:10,38.5708581,-111.9354061,2879.719
1270,09/10/2014 00:01:18,38.5714269,-111.9336925,2836.02
1271,09/10/2014 04:02:02,38.5750178,-111.9288806,2795.266
1272,09/10/2014 08:01:08,38.5781483,-111.9313547,2755.609
1274,09/10/2014 16:01:27,38.5784403,-111.9315822,2734.25
1275,09/10/2014 20:01:00,38.5663967,-111.9358219,2768.563
1277,09/11/2014 04:00:54,38.5628842,-111.9391592,3013.746
1280,09/11/2014 16:01:49,38.5568661,-111.9407506,2722.332
1281,09/11/2014 20:00:58,38.5482436,-111.9468625,2506.758
1283,09/12/2014 04:01:20,38.5483042,-111.9469594,2511.547
1284,09/12/2014 08:00:59,38.5462036,-111.9450658,2510.824
1285,09/12/2014 12:01:42,38.5459242,-111.9450936,2496.641
1286,09/12/2014 16:01:13,38.5457519,-111.9450744,2489.508
1287,09/12/2014 20:01:17,38.5429808,-111.9468789,2458.34
1288,09/13/2014 00:01:21,38.5430244,-111.9469531,2455.016
1289,09/13/2014 04:00:52,38.5474708,-111.9397178,2492.762
1290,09/13/2014 08:01:36,38.5548583,-111.9389653,2661.578
1291,09/13/2014 12:01:12,38.5558328,-111.9384397,2681.199
1292,09/13/2014 16:01:12,38.5557064,-111.9385356,2680.477
1293,09/13/2014 20:01:25,38.5635456,-111.9350358,2737.285
1295,09/14/2014 04:01:06,38.5664944,-111.9362797,2813.633
1296,09/14/2014 08:00:58,38.5589844,-111.9404144,2812.547
1297,09/14/2014 12:00:59,38.5589483,-111.9404322,2808.699
1299,09/14/2014 20:01:42,38.5490089,-111.94658,2562.035
1300,09/15/2014 00:01:36,38.5490214,-111.9465,2559.152
1301,09/15/2014 04:01:16,38.5479736,-111.9458661,2479.699
1302,09/15/2014 08:01:18,38.5435719,-111.9450992,2445.332
1303,09/15/2014 12:00:59,38.5427514,-111.9439514,2457.785
1305,09/15/2014 20:01:19,38.5427378,-111.9446311,2461.664
1306,09/16/2014 00:02:27,38.5431306,-111.9464956,2438.074
1307,09/16/2014 04:01:21,38.5430936,-111.9447303,2449.148
1309,09/16/2014 12:01:15,38.5433083,-111.9446186,2411.277
1310,09/16/2014 16:01:22,38.5431833,-111.9445658,2438.363
1311,09/16/2014 20:01:22,38.5426592,-111.9441022,2439.027
1312,09/17/2014 00:01:18,38.5426992,-111.9441564,2448.891
1313,09/17/2014 04:01:13,38.5426619,-111.944045,2447.563
1315,09/17/2014 12:02:24,38.543345,-111.9446836,2419.547
1317,09/17/2014 20:01:00,38.5423186,-111.9442631,2477.168
1320,09/18/2014 08:01:24,38.5477539,-111.9448556,2506.656
1325,09/19/2014 04:02:08,38.5474744,-111.9451214,2455.395
1326,09/19/2014 08:01:22,38.5553083,-111.9409206,2669.633
1327,09/19/2014 12:01:21,38.5552367,-111.940825,2680.34
1328,09/19/2014 16:01:18,38.5536544,-111.9374678,2585.781
1329,09/19/2014 20:01:48,38.5508008,-111.9333631,2487.059
1332,09/20/2014 08:01:19,38.5568211,-111.9368117,2657.984
1335,09/20/2014 20:01:19,38.5667642,-111.9346958,2756.426
1336,09/21/2014 00:01:38,38.5704519,-111.9334633,2843.281
1337,09/21/2014 04:00:59,38.5704692,-111.9337403,2821.789
1338,09/21/2014 08:01:20,38.5704875,-111.9338647,2855.129
1340,09/21/2014 16:01:15,38.5705192,-111.9338256,2841.313
1344,09/22/2014 08:01:19,38.5705414,-111.9338281,2832.434
1346,09/22/2014 16:01:20,38.5704675,-111.9338792,2812.695
1347,09/22/2014 20:01:16,38.5713039,-111.9340394,2757.781
1348,09/23/2014 00:01:19,38.5704631,-111.9335256,2756.953
1349,09/23/2014 04:01:20,38.5709333,-111.9339175,2818.309
1350,09/23/2014 08:01:11,38.5705219,-111.9337986,2821.598
1351,09/23/2014 12:01:19,38.5705253,-111.9338517,2838.008
1352,09/23/2014 16:01:20,38.5705328,-111.9338897,2833.059
1355,09/24/2014 04:02:06,38.5705328,-111.9337714,2830.066
1356,09/24/2014 08:01:49,38.5704036,-111.9337511,2834.813
1357,09/24/2014 12:01:18,38.5705967,-111.93383,2834.086
1358,09/24/2014 16:00:58,38.5703206,-111.9336961,2812.313
1361,09/25/2014 04:01:49,38.5708114,-111.9339667,2832.918
1363,09/25/2014 12:01:20,38.5706953,-111.9328469,2796.086
1364,09/25/2014 16:02:06,38.5703181,-111.9338047,2809.914
1366,09/26/2014 00:01:20,38.5707642,-111.9338119,2839.59
1367,09/26/2014 04:00:58,38.5708586,-111.9339319,2820.855
1368,09/26/2014 08:01:40,38.5706733,-111.9376992,2988.25
1369,09/26/2014 12:01:15,38.5708139,-111.9380881,2928.891
1370,09/26/2014 16:01:20,38.5706606,-111.9366842,2901.609
1371,09/26/2014 20:01:19,38.5712489,-111.9317767,2764.859
1373,09/27/2014 04:00:49,38.5709067,-111.9334514,2800.734
1374,09/27/2014 08:01:21,38.5704028,-111.9321703,2830.84
1376,09/27/2014 16:00:59,38.5706831,-111.9334625,2836.57
1380,09/28/2014 08:01:54,38.5787119,-111.9364206,2787.148
1381,09/28/2014 12:01:22,38.5790333,-111.9360025,2793.363
1382,09/28/2014 16:01:13,38.5792517,-111.9276711,2734.02
1388,09/29/2014 16:01:21,38.5709158,-111.9357717,2998.27
1390,09/30/2014 00:01:42,38.5727467,-111.9262169,2701.813
1392,09/30/2014 08:01:43,38.5833397,-111.9225378,2600.918
1394,09/30/2014 16:01:18,38.5855983,-111.9271194,2745.863
1397,10/01/2014 04:01:57,38.5927419,-111.9259586,2746.508
1398,10/01/2014 08:01:21,38.5937561,-111.9272067,2862.852
1399,10/01/2014 12:01:19,38.5936425,-111.9268489,2783.477
1400,10/01/2014 16:01:21,38.5936972,-111.9267806,2806.438
1401,10/01/2014 20:01:42,38.5921753,-111.9279131,2803.773
1402,10/02/2014 00:00:49,38.5937206,-111.9262136,2755.934
1403,10/02/2014 04:01:18,38.5937539,-111.9262092,2752.262
1404,10/02/2014 08:01:48,38.5936747,-111.9269478,2764.988
1407,10/02/2014 20:01:23,38.5937192,-111.9268281,2771.969
1408,10/03/2014 00:01:48,38.5937639,-111.9266594,2790.648
1409,10/03/2014 04:01:19,38.5936969,-111.926755,2778.168
1411,10/03/2014 12:01:17,38.5935164,-111.9269814,2813.363
1414,10/04/2014 00:01:07,38.5937017,-111.9261892,2762.938
1415,10/04/2014 04:00:59,38.5937022,-111.926325,2745.016
1417,10/04/2014 12:01:08,38.5936672,-111.9268131,2779.344
1418,10/04/2014 16:01:20,38.5936669,-111.9267739,2798.793
1419,10/04/2014 20:01:38,38.5936831,-111.9266031,2775.32
1422,10/05/2014 08:01:19,38.5937289,-111.9269411,2777.84
1423,10/05/2014 12:01:26,38.5936842,-111.9270417,2771.594
1424,10/05/2014 16:01:16,38.593745,-111.9268061,2772.926
1426,10/06/2014 00:01:19,38.5965297,-111.9256453,2720.621
1428,10/06/2014 08:01:10,38.5934339,-111.9259594,2872.16
1435,10/07/2014 12:02:12,38.5937703,-111.9273728,2663.941
1437,10/07/2014 20:01:40,38.5942611,-111.9266864,2700.824
1439,10/08/2014 04:01:19,38.5939981,-111.9261286,2762.473
1440,10/08/2014 08:01:18,38.5937367,-111.9266575,2765.352
1441,10/08/2014 12:01:20,38.5937386,-111.9266344,2880.172
1443,10/08/2014 20:01:21,38.5935203,-111.9265953,2780.016
1445,10/09/2014 04:01:38,38.5926167,-111.9262756,2730.617
1446,10/09/2014 08:01:18,38.5939481,-111.9265831,2782.117
1449,10/09/2014 20:01:21,38.5914678,-111.9286097,2796.656
1451,10/10/2014 04:01:19,38.5917656,-111.9281125,2756.082
1456,10/11/2014 00:00:55,38.5986861,-111.9235489,2746.363
1457,10/11/2014 04:01:19,38.5980258,-111.9202697,2780.25
1458,10/11/2014 08:00:56,38.5933294,-111.9270194,2813.438
1460,10/11/2014 16:01:18,38.5922778,-111.9266725,2802.797
1461,10/11/2014 20:01:22,38.5912758,-111.9302178,2827.5
1462,10/12/2014 00:00:54,38.5838872,-111.9366844,2861.617
1463,10/12/2014 04:01:54,38.5852967,-111.9426539,2940.813
1465,10/12/2014 12:01:36,38.5903283,-111.9491192,3259.156
1466,10/12/2014 16:02:16,38.593505,-111.9546081,3283.371
1467,10/12/2014 20:01:19,38.5942453,-111.9694681,2966.965
1468,10/13/2014 00:02:02,38.5816317,-111.9759722,2934.254
1469,10/13/2014 04:01:18,38.5789792,-111.9747078,2946.113
1470,10/13/2014 08:01:18,38.5711136,-111.9750978,3063.469
1471,10/13/2014 12:01:59,38.5792117,-111.9670681,3126.059
1472,10/13/2014 16:01:18,38.5790506,-111.9673103,3136.734
1473,10/13/2014 20:00:59,38.5794164,-111.9590325,3258.543
1476,10/14/2014 08:01:58,38.5863339,-111.9504397,3124.727
1477,10/14/2014 12:01:19,38.5863503,-111.9514369,3165.082
1478,10/14/2014 16:01:18,38.5903172,-111.9495083,3240.621
1479,10/14/2014 20:01:48,38.6074214,-111.9336633,2979.398
1480,10/15/2014 00:01:52,38.6127383,-111.9285214,2897.676
1481,10/15/2014 04:00:56,38.6181528,-111.9211386,2877.02
1482,10/15/2014 08:01:20,38.6260731,-111.9193917,2911.258
1483,10/15/2014 12:01:13,38.62603,-111.919125,2890.266
1484,10/15/2014 16:01:19,38.6310317,-111.9164017,2789.828
1485,10/15/2014 20:01:19,38.6367494,-111.9217211,2706.02
1486,10/16/2014 00:00:49,38.6255981,-111.9105386,2562.051
1487,10/16/2014 04:01:00,38.6090583,-111.9007856,2469.578
1488,10/16/2014 08:01:26,38.599495,-111.8988553,2376.969
1490,10/16/2014 16:01:20,38.5913331,-111.8964753,2417.828
1491,10/16/2014 20:01:06,38.5838242,-111.8994464,2384.313
1492,10/17/2014 00:01:48,38.5801389,-111.8998867,2342.445
1493,10/17/2014 04:01:00,38.5733411,-111.9043958,2445.918
1494,10/17/2014 08:01:03,38.5604736,-111.9056153,2413.371
1495,10/17/2014 12:01:30,38.5573608,-111.9105553,2503.73
1496,10/17/2014 16:01:17,38.5565197,-111.9118631,2477.422
1497,10/17/2014 20:01:42,38.5485931,-111.9280125,2403.641
1498,10/18/2014 00:01:08,38.5496786,-111.9414375,2545.723
1499,10/18/2014 04:01:16,38.5486058,-111.9461053,2722.805
1500,10/18/2014 08:01:25,38.5488633,-111.9504933,2597.988
1501,10/18/2014 12:01:20,38.5486003,-111.9508436,2574.242
1502,10/18/2014 16:01:16,38.5486969,-111.9496739,2543.031
1503,10/18/2014 20:01:01,38.5462478,-111.9571297,2734.859
1504,10/19/2014 00:02:07,38.5522925,-111.9720511,2837.234
1505,10/19/2014 04:00:49,38.5665533,-111.9602428,2922.215
1506,10/19/2014 08:01:14,38.5794175,-111.9653614,3194.465
1507,10/19/2014 12:01:48,38.5797567,-111.9659617,3187.012
1508,10/19/2014 16:01:54,38.5840697,-111.9565358,3258.129
1509,10/19/2014 20:01:43,38.6089781,-111.9548008,3147.848
1510,10/20/2014 00:01:42,38.6394403,-111.941135,2918.723
1511,10/20/2014 04:01:59,38.6449994,-111.9272444,2689.258
1512,10/20/2014 08:01:09,38.6341633,-111.9165908,2680.266
1513,10/20/2014 12:01:07,38.6294486,-111.9149106,2768.582
1514,10/20/2014 16:01:30,38.6295072,-111.9149439,2746.035
1515,10/20/2014 20:01:06,38.6197403,-111.9091806,2572.258
1516,10/21/2014 00:01:03,38.6204153,-111.9097375,2612.781
1517,10/21/2014 04:01:01,38.6204781,-111.9097161,2601.418
1518,10/21/2014 08:01:35,38.6164903,-111.9143419,2631.75
1519,10/21/2014 12:01:50,38.6175581,-111.9156503,2677.746
1520,10/21/2014 16:01:42,38.6182811,-111.9159117,2687.664
1521,10/21/2014 20:00:55,38.6227347,-111.9087322,2596.902
1522,10/22/2014 00:00:59,38.6204647,-111.9097428,2591.574
1523,10/22/2014 04:01:10,38.6197631,-111.9090181,2578.207
1526,10/22/2014 16:01:18,38.6211211,-111.9152186,2704.336
1527,10/22/2014 20:01:20,38.6206128,-111.9088347,2593.121
1528,10/23/2014 00:00:49,38.6204108,-111.9086839,2598.215
1529,10/23/2014 04:00:57,38.6146842,-111.9107681,2573.613
1530,10/23/2014 08:01:52,38.6029372,-111.9176714,2573.398
1531,10/23/2014 12:01:43,38.6037058,-111.9212492,2633.914
1534,10/24/2014 00:01:18,38.5936236,-111.9187081,2688.375
1535,10/24/2014 04:02:26,38.5836086,-111.9133236,2488.043
1536,10/24/2014 08:00:54,38.5817869,-111.9238125,2611.996
1537,10/24/2014 12:01:20,38.5817569,-111.9247442,2658.574
1538,10/24/2014 16:02:05,38.5865014,-111.9192292,2608.063
1539,10/24/2014 20:01:40,38.5886933,-111.9145036,2556.168
1540,10/25/2014 00:01:20,38.5887606,-111.9145331,2510.449
1541,10/25/2014 04:00:57,38.5885861,-111.9145153,2567.18
1542,10/25/2014 08:01:11,38.5887631,-111.9149144,2562.129
1543,10/25/2014 12:01:12,38.5886203,-111.9146847,2572.09
1544,10/25/2014 16:00:57,38.5886417,-111.9146136,2566.496
1547,10/26/2014 04:01:03,38.5886108,-111.9145367,2559.578
1548,10/26/2014 08:01:09,38.5886842,-111.9146008,2572.141
1549,10/26/2014 12:01:32,38.5886258,-111.9146817,2571.84
1550,10/26/2014 16:01:06,38.5885736,-111.9145472,2557.559
1551,10/26/2014 20:01:21,38.5888447,-111.9148786,2558.016
1552,10/27/2014 00:01:22,38.5888942,-111.9148467,2553.25
1553,10/27/2014 04:01:21,38.5889222,-111.9147611,2546.699
1554,10/27/2014 08:01:13,38.5886344,-111.9145919,2556.996
1556,10/27/2014 16:01:08,38.5887008,-111.9146353,2581.578
1557,10/27/2014 20:01:21,38.5890792,-111.9147611,2583.574
1558,10/28/2014 00:00:54,38.5886833,-111.9144403,2543.77
1559,10/28/2014 04:01:00,38.5888469,-111.9147467,2552.582
1562,10/28/2014 16:01:21,38.5887317,-111.9145125,2563.328
1563,10/28/2014 20:01:05,38.5901097,-111.9097669,2489.043
1564,10/29/2014 00:01:52,38.5886322,-111.9146308,2551.668
1565,10/29/2014 04:01:12,38.5881172,-111.9149108,2569.27
1566,10/29/2014 08:01:21,38.5930883,-111.9192314,2627.773
1570,10/30/2014 00:01:12,38.5942619,-111.9224744,2719.418
1571,10/30/2014 04:00:57,38.5957756,-111.9237256,2721.762
1572,10/30/2014 08:01:34,38.5977656,-111.9269286,2809.582
1574,10/30/2014 16:01:54,38.5923983,-111.9286044,2811.371
1575,10/30/2014 20:01:15,38.5889156,-111.9258706,2819.09
1577,10/31/2014 04:01:45,38.5888986,-111.9256708,2838.98
1578,10/31/2014 08:01:22,38.5931428,-111.9196989,2629.523
1579,10/31/2014 12:01:21,38.5934958,-111.9199156,2642.32
1580,10/31/2014 16:01:14,38.5861133,-111.9218808,2611.449
1581,10/31/2014 20:00:59,38.5851889,-111.9289256,2726.258
1582,11/01/2014 00:02:23,38.5885267,-111.92277,2673.938
1583,11/01/2014 04:01:19,38.5917947,-111.9183153,2605.047
1585,11/01/2014 12:01:20,38.5967678,-111.9184386,2637.246
1586,11/01/2014 16:01:19,38.5937392,-111.9204019,2701.551
1587,11/01/2014 20:01:22,38.5935297,-111.9202578,2662.293
1588,11/02/2014 00:01:36,38.5923475,-111.9189178,2618.973
1589,11/02/2014 04:02:06,38.5923403,-111.9189211,2605.723
1590,11/02/2014 08:00:57,38.5937358,-111.9205819,2676.266
1591,11/02/2014 12:00:55,38.593715,-111.9205031,2699.277
1592,11/02/2014 16:00:59,38.5937242,-111.9205572,2696.785
1593,11/02/2014 20:01:17,38.5916803,-111.9176056,2583.625
1602,11/04/2014 08:02:09,38.5987072,-111.9194108,2752.699
1604,11/04/2014 16:02:05,38.5951878,-111.9198778,2692.93
1605,11/04/2014 20:01:14,38.5934881,-111.9197803,2699.07
1606,11/05/2014 00:01:13,38.5917856,-111.9180678,2597
1607,11/05/2014 04:01:20,38.5916581,-111.9181439,2595.969
1609,11/05/2014 12:01:17,38.5962344,-111.9245194,2768.297
1610,11/05/2014 16:01:20,38.5969044,-111.9249364,2802.805
1611,11/05/2014 20:01:21,38.5943567,-111.9251072,2730.406
1612,11/06/2014 00:01:53,38.5932956,-111.9124086,2532.066
1613,11/06/2014 04:01:21,38.5941081,-111.9089133,2479.59
1615,11/06/2014 12:00:58,38.5989897,-111.9197725,2690.723
1616,11/06/2014 16:00:59,38.5988306,-111.9197411,2685.082
1617,11/06/2014 20:00:56,38.5983183,-111.9116017,2565.402
1618,11/07/2014 00:01:17,38.5954961,-111.9089244,2500.02
1619,11/07/2014 04:01:30,38.5872403,-111.9206853,2624.059
1620,11/07/2014 08:01:50,38.5869039,-111.9267411,2772.285
1622,11/07/2014 16:01:37,38.5919072,-111.9185894,2621.039
1623,11/07/2014 20:01:42,38.5969758,-111.9192989,2607.852
1624,11/08/2014 00:01:49,38.5968997,-111.9191797,2633.941
1625,11/08/2014 04:01:18,38.5951486,-111.9137986,2574.492
1626,11/08/2014 08:01:14,38.5953422,-111.9092897,2498.137
1628,11/08/2014 16:01:18,38.5954731,-111.9093414,2472.438
1630,11/09/2014 00:00:55,38.5691397,-111.93835,2926.547
1631,11/09/2014 04:00:55,38.56066,-111.9414856,2911.875
1632,11/09/2014 08:01:48,38.5710883,-111.9389664,2951.191
1633,11/09/2014 12:01:02,38.5710281,-111.9388978,2951.457
1634,11/09/2014 16:01:18,38.5814867,-111.9283317,2706.473
1635,11/09/2014 20:00:59,38.5887303,-111.9203553,2641.906
1636,11/10/2014 00:01:06,38.5918039,-111.9182706,2612.48
1637,11/10/2014 04:01:30,38.5957642,-111.9169981,2587.43
1638,11/10/2014 08:01:14,38.5980756,-111.9201897,2657.449
1639,11/10/2014 12:02:23,38.5992606,-111.9174275,2634.371
1640,11/10/2014 16:01:18,38.6015594,-111.9053286,2507.973
1641,11/10/2014 20:01:58,38.5933833,-111.9028983,2408.613
1642,11/11/2014 00:01:00,38.58491,-111.9052864,2436.883
1643,11/11/2014 04:01:56,38.5809819,-111.9111081,2474.133
1644,11/11/2014 08:01:02,38.5741856,-111.9214736,2626.711
1645,11/11/2014 12:01:23,38.5737756,-111.9232406,2621.441
1646,11/11/2014 16:01:21,38.5723297,-111.9251394,2698.836
1649,11/12/2014 04:00:59,38.5722822,-111.9247989,2667.641
1650,11/12/2014 08:00:59,38.5724828,-111.9249614,2674.227
1652,11/12/2014 16:01:21,38.5723219,-111.9249908,2661.211
1653,11/12/2014 20:00:55,38.5723761,-111.92483,2662.195
1654,11/13/2014 00:00:59,38.5723361,-111.9248422,2671.57
1655,11/13/2014 04:01:02,38.57238,-111.9248714,2674.688
1656,11/13/2014 08:01:11,38.5724503,-111.9251161,2675.762
1657,11/13/2014 12:02:19,38.5722081,-111.9250853,2658.176
1658,11/13/2014 16:02:11,38.5722933,-111.925085,2665.66
1659,11/13/2014 20:01:20,38.5725436,-111.9246667,2664.871
1660,11/14/2014 00:01:06,38.5723972,-111.9246403,2667.477
1661,11/14/2014 04:00:59,38.5724572,-111.9246539,2659.762
1662,11/14/2014 08:01:18,38.5724211,-111.9250831,2667.18
1663,11/14/2014 12:01:18,38.5722411,-111.9251225,2665.637
1664,11/14/2014 16:01:42,38.5721708,-111.9251203,2663.559
1665,11/14/2014 20:01:17,38.5724294,-111.924565,2655.215
1666,11/15/2014 00:01:00,38.5725197,-111.9244978,2663.707
1667,11/15/2014 04:00:58,38.5724419,-111.9246497,2652.129
1668,11/15/2014 08:01:20,38.5723678,-111.9251947,2667.594
1669,11/15/2014 12:01:07,38.5724139,-111.9250489,2673.219
1670,11/15/2014 16:00:53,38.5722883,-111.9250564,2675.629
1672,11/16/2014 00:01:36,38.5732622,-111.9254658,2692.031
1673,11/16/2014 04:02:29,38.5730506,-111.9256967,2681.422
1674,11/16/2014 08:01:02,38.5724567,-111.9250386,2668.188
1675,11/16/2014 12:01:48,38.5723717,-111.9250753,2675.148
1676,11/16/2014 16:02:06,38.5723253,-111.9250894,2677.141
1680,11/17/2014 08:01:42,38.5693242,-111.9390622,3001.281
1681,11/17/2014 12:01:20,38.5731092,-111.9255722,2666.109
1682,11/17/2014 16:01:20,38.5723203,-111.9251125,2681.355
1683,11/17/2014 20:01:20,38.5733608,-111.9256983,2660.77
1685,11/18/2014 04:01:22,38.5733711,-111.9256478,2674.188
1686,11/18/2014 08:01:36,38.5814444,-111.9272208,2672.633
1687,11/18/2014 12:01:22,38.5857161,-111.9264811,2704.262
1688,11/18/2014 16:01:08,38.5855292,-111.9265042,2719.281
1692,11/19/2014 08:01:21,38.5919475,-111.9288156,2788.59
1694,11/19/2014 16:01:53,38.6084611,-111.9266783,2770.402
1695,11/19/2014 20:01:13,38.6096381,-111.9367658,2943.078
1698,11/20/2014 08:00:59,38.6113547,-111.9297667,2865.426
1699,11/20/2014 12:01:02,38.6099603,-111.9272661,2856.094
1700,11/20/2014 16:00:58,38.6045264,-111.9212975,2712.664
1701,11/20/2014 20:01:20,38.6038228,-111.9191689,2700.945
1704,11/21/2014 08:00:59,38.5987461,-111.9179628,2620.316
1710,11/22/2014 08:01:19,38.5730122,-111.9369803,3267.367
1711,11/22/2014 12:01:23,38.5636186,-111.9392036,2925.336
1712,11/22/2014 16:02:03,38.5496964,-111.9390617,2568.641
1713,11/22/2014 20:01:21,38.5364803,-111.9463908,2634.559
1715,11/23/2014 04:01:30,38.5479167,-111.9558406,2692.461
1716,11/23/2014 08:01:18,38.5511128,-111.9480311,2651.766
1724,11/24/2014 16:00:57,38.5964153,-111.9069683,2503.656
1727,11/25/2014 04:01:23,38.5951747,-111.9091219,2541.66
1729,11/25/2014 12:01:11,38.5918967,-111.9167986,2632.074
1730,11/25/2014 16:01:06,38.5919297,-111.9169372,2613.93
1731,11/25/2014 20:01:14,38.6014442,-111.9008317,2388.535
1735,11/26/2014 12:00:59,38.5986886,-111.9200942,2790.629
1737,11/26/2014 20:01:36,38.5940431,-111.9090347,2463.402
1739,11/27/2014 04:01:59,38.5918903,-111.9185775,2642.996
1740,11/27/2014 08:01:21,38.5887219,-111.9184728,2600.047
1742,11/27/2014 16:01:01,38.5938603,-111.9125464,2563.809
1743,11/27/2014 20:01:37,38.5981964,-111.9199164,2685.215
1744,11/28/2014 00:01:12,38.6006617,-111.9125747,2620.863
1745,11/28/2014 04:00:59,38.5906569,-111.9058336,2461.469
1746,11/28/2014 08:01:14,38.5900289,-111.9180178,2617.395
1747,11/28/2014 12:01:42,38.5900342,-111.9180047,2634.156
1748,11/28/2014 16:01:36,38.5917625,-111.9167433,2625.961
1749,11/28/2014 20:01:07,38.5921056,-111.9152147,2595.531
1750,11/29/2014 00:01:21,38.5933436,-111.9120556,2547.855
1751,11/29/2014 04:01:08,38.5941933,-111.9089411,2470.914
1752,11/29/2014 08:01:58,38.5951911,-111.9082933,2432.465
1753,11/29/2014 12:01:19,38.5951167,-111.9080264,2359.656
1754,11/29/2014 16:01:20,38.5952361,-111.9080314,2469.625
1755,11/29/2014 20:02:06,38.5827606,-111.9155256,2526.32
1756,11/30/2014 00:01:16,38.5713756,-111.9251756,2684.008
1757,11/30/2014 04:00:58,38.5563342,-111.9557925,2812.262
1758,11/30/2014 08:01:49,38.5511892,-111.9491064,2683.789
1759,11/30/2014 12:01:20,38.5487461,-111.9467658,2529.781
1761,11/30/2014 20:01:22,38.5443522,-111.9518761,2623.121
1762,12/01/2014 00:00:49,38.5445861,-111.951755,2611.043
1763,12/01/2014 04:01:21,38.5445911,-111.9517256,2601.637
1764,12/01/2014 08:01:05,38.5446106,-111.9516314,2604.793
1765,12/01/2014 12:01:04,38.5445533,-111.9515889,2608.68
1766,12/01/2014 16:02:33,38.5445339,-111.9516625,2622.816
1768,12/02/2014 00:01:00,38.5445469,-111.9517678,2615.617
1769,12/02/2014 04:01:21,38.5448825,-111.9508186,2616.688
1770,12/02/2014 08:01:22,38.5445606,-111.9516647,2607.664
1771,12/02/2014 12:01:17,38.5445381,-111.9515836,2615.758
1773,12/02/2014 20:01:48,38.5445647,-111.9516856,2610.832
1774,12/03/2014 00:01:00,38.5445286,-111.9517172,2615.227
1775,12/03/2014 04:01:58,38.5445622,-111.9517303,2601.766
1776,12/03/2014 08:02:16,38.5445597,-111.9517239,2603.855
1777,12/03/2014 12:00:49,38.5445608,-111.9517356,2641.457
1778,12/03/2014 16:00:59,38.5445919,-111.9516261,2612.113
1779,12/03/2014 20:02:03,38.5447622,-111.9516,2647.656
1780,12/04/2014 00:01:19,38.5445933,-111.9517178,2602.879
1781,12/04/2014 04:01:02,38.5445275,-111.9517431,2607.23
1782,12/04/2014 08:01:12,38.5445536,-111.9516294,2598.895
1783,12/04/2014 12:01:14,38.5445533,-111.9516981,2610.836
1784,12/04/2014 16:01:17,38.5445208,-111.9517117,2614.969
1785,12/04/2014 20:01:20,38.5445331,-111.951705,2602.367
1786,12/05/2014 00:01:18,38.5445256,-111.9517097,2606.836
1787,12/05/2014 04:01:20,38.5446283,-111.9517972,2589.934
1788,12/05/2014 08:01:18,38.5445406,-111.9517233,2602.055
1789,12/05/2014 12:01:11,38.54451,-111.9517072,2612.371
1790,12/05/2014 16:01:48,38.5445983,-111.9515992,2602.219
1791,12/05/2014 20:01:41,38.5445719,-111.9516575,2640.777
1792,12/06/2014 00:01:18,38.5445214,-111.9517339,2599.23
1794,12/06/2014 08:01:09,38.5445458,-111.9516586,2602.211
1795,12/06/2014 12:01:36,38.5445292,-111.9516911,2608.191
1796,12/06/2014 16:01:19,38.5445731,-111.9516975,2606.578
1798,12/07/2014 00:01:20,38.5445586,-111.9517047,2587.574
1799,12/07/2014 04:01:48,38.5445683,-111.9517161,2599.375
1800,12/07/2014 08:01:32,38.5445239,-111.9516417,2591.793
1801,12/07/2014 12:00:59,38.5445956,-111.9516753,2607.715
1802,12/07/2014 16:01:21,38.5445633,-111.9516047,2600.965
1803,12/07/2014 20:01:18,38.5444869,-111.95178,2609.23
1804,12/08/2014 00:00:59,38.5445331,-111.9517233,2598.949
1805,12/08/2014 04:02:14,38.5440319,-111.9541067,2592.332
1806,12/08/2014 08:00:58,38.5445917,-111.9516622,2635.363
1807,12/08/2014 12:01:14,38.5444311,-111.9516275,2615.234
1808,12/08/2014 16:01:37,38.5445106,-111.9517308,2600.578
1809,12/08/2014 20:01:20,38.5444308,-111.9516325,2590.23
1810,12/09/2014 00:00:57,38.5453144,-111.9513678,2618.863
1811,12/09/2014 04:01:00,38.5446967,-111.9515208,2602.891
1812,12/09/2014 08:01:00,38.5445197,-111.9517675,2600.223
1813,12/09/2014 12:02:06,38.5445803,-111.9516356,2610.672
1814,12/09/2014 16:00:59,38.5445486,-111.95163,2613.195
1815,12/09/2014 20:01:00,38.5445514,-111.9517075,2620.613
1816,12/10/2014 00:00:49,38.5445583,-111.9516894,2611.547
1817,12/10/2014 04:01:00,38.5445486,-111.9517197,2604.039
1818,12/10/2014 08:01:48,38.5445628,-111.9516253,2592.988
1819,12/10/2014 12:01:07,38.5445436,-111.9515925,2602.176
1820,12/10/2014 16:01:48,38.5445769,-111.9516197,2609.813
1821,12/10/2014 20:01:19,38.5438719,-111.9526328,2572.535
1822,12/11/2014 00:00:59,38.544515,-111.9517083,2604.672
1823,12/11/2014 04:01:21,38.5445267,-111.9517997,2618.098
1824,12/11/2014 08:01:22,38.5445053,-111.9517408,2593.988
1826,12/11/2014 16:01:12,38.5549008,-111.9550908,2732.988
1827,12/11/2014 20:01:48,38.5474386,-111.9511775,2660.633
1829,12/12/2014 04:01:22,38.5442994,-111.9548364,2590.238
1832,12/12/2014 16:01:51,38.5609872,-111.9431442,2934.918
1833,12/12/2014 20:01:43,38.5486897,-111.9507628,2592.332
1834,12/13/2014 00:01:58,38.5446594,-111.9589431,2647.672
1836,12/13/2014 08:01:18,38.5457931,-111.9603625,2655.16
1837,12/13/2014 12:00:59,38.5505353,-111.9654556,2745.336
1838,12/13/2014 16:01:13,38.5505944,-111.9655439,2745.34
1841,12/14/2014 04:02:22,38.5506586,-111.9685856,2795.82
1844,12/14/2014 16:01:54,38.5470536,-111.9537567,2716.445
1850,12/15/2014 16:01:50,38.5432167,-111.9577436,2609.418
1851,12/15/2014 20:01:18,38.5490994,-111.9464403,2531.281
1852,12/16/2014 00:01:08,38.5490142,-111.9463947,2542.109
1855,12/16/2014 12:01:08,38.5669058,-111.9398381,2935.602
1856,12/16/2014 16:01:15,38.5676111,-111.9399342,2971.672
1858,12/17/2014 00:01:13,38.5818958,-111.9204219,2625.453
1859,12/17/2014 04:02:05,38.5818258,-111.9204547,2602.438
1860,12/17/2014 08:02:06,38.5858581,-111.9265433,2737.777
1862,12/17/2014 16:02:26,38.5844217,-111.9232656,2678.215
1863,12/17/2014 20:01:18,38.5817958,-111.9205897,2599.625
1864,12/18/2014 00:00:59,38.5818022,-111.9205003,2599.512
1865,12/18/2014 04:01:14,38.58185,-111.9205036,2613.16
1876,12/20/2014 00:01:02,38.5745686,-111.9116747,2509.785
1877,12/20/2014 04:01:15,38.5818286,-111.9205031,2605.574
1878,12/20/2014 08:01:48,38.5818111,-111.9204769,2625.938
1879,12/20/2014 12:01:32,38.5810178,-111.9299297,2726.008
1880,12/20/2014 16:01:51,38.5833078,-111.9372772,2816.406
1888,12/22/2014 00:01:42,38.5964139,-111.9232044,2726.422
1889,12/22/2014 04:02:28,38.5969322,-111.9229986,2720.621
1890,12/22/2014 08:01:52,38.5969197,-111.9245736,2787.613
1895,12/23/2014 04:01:39,38.5991417,-111.8840697,2240.664
1897,12/23/2014 12:00:57,38.6015361,-111.8976597,2408.168
1898,12/23/2014 16:01:12,38.5998264,-111.88746,2266.613
1899,12/23/2014 20:00:59,38.6000053,-111.8873781,2255.324
1900,12/24/2014 00:00:56,38.5999756,-111.8873572,2277.844
1901,12/24/2014 04:00:56,38.5999794,-111.8874192,2267.477
1904,12/24/2014 16:01:57,38.6004292,-111.8959564,2377.969
1905,12/24/2014 20:00:59,38.6011897,-111.8926342,2340.023
1906,12/25/2014 00:01:01,38.6012047,-111.8926331,2333.195
1907,12/25/2014 04:00:59,38.6011978,-111.8926164,2331.098
1918,12/27/2014 00:01:48,38.6107258,-111.9048961,2464.875
1921,12/27/2014 12:02:12,38.6171181,-111.9119625,2716.016
1922,12/27/2014 16:01:18,38.6142964,-111.9029986,2434.273
1925,12/28/2014 04:01:18,38.6112389,-111.8962297,2402.602
1928,12/28/2014 16:01:18,38.6148756,-111.9086556,2580.188
1929,12/28/2014 20:01:18,38.6077297,-111.8903222,2280.508
1930,12/29/2014 00:01:18,38.60642,-111.884525,2244.738
1931,12/29/2014 04:01:48,38.5941694,-111.8790753,2202.5
1935,12/29/2014 20:01:01,38.5834108,-111.8966125,2357.309
1936,12/30/2014 00:01:12,38.5725425,-111.8883722,2264.707
1937,12/30/2014 04:01:14,38.5603381,-111.8893403,2380.883
1938,12/30/2014 08:01:37,38.5712311,-111.9007661,2293.336
1939,12/30/2014 12:01:20,38.5714231,-111.9012044,2372.137
1940,12/30/2014 16:01:56,38.5565744,-111.887905,2358.34
1943,12/31/2014 04:00:49,38.5556153,-111.9392786,2675.617
1944,12/31/2014 08:01:12,38.5560797,-111.9400158,2692.797
1945,12/31/2014 12:01:19,38.5562467,-111.9399689,2682.645
1946,12/31/2014 16:01:45,38.5561392,-111.9400147,2690.047
1947,12/31/2014 20:01:17,38.5560636,-111.940445,2689.242
